,slope1,slope2,slope3,slope4
0,0.06306731201996403,0.07484701659446509,0.1140699405976838,0
1,0.041940457214035554,0.03207649704011515,0.11876897489539136,0
2,0.02924464086935117,0.040867285623748036,0.09563898590061493,0
3,0,0,0.0694424499789662,0
4,0.05579423488554469,0.06976513847768631,0.04142140113438161,0
5,0.04074515275900847,0.04296840308094878,0.057216517406346645,0
6,0.028138856047429543,0.034819750872510435,0.08369673810328788,0
7,0,0,0.04438104967599687,0
8,0.056732667905343315,0.06584541686700858,0,0
9,0.03688312351846942,0.02323045835106252,0.13371226941078118,0
10,0.03086121282739717,0.033674247913095576,0.03494995707827221,0
11,0.05928186532064708,0.07153638523139573,0.02024353985099577,0
12,0.042617666556112085,0.04126096413554318,0,0
13,0,0,0,0
14,0,0,0,0
15,0,0,0,0
16,0.07446027086559212,0.0278981370744488,0.13493842875930245,0
17,0.03926534885950644,0.042771232156117556,0.076802563009885,0
18,0.012040035564694365,0.020787768803331934,0.10305340351390366,0
19,0,0,0.059338836173940396,0
20,0.10130956746780242,0.06157808918403523,0.11062893486159563,0
21,0.05206289871259568,0.021777476671905736,0.11041219140769103,0
22,0.024634252868836814,0.009793130908934687,0.09864561001513296,0
23,0,0,0.020764465668915346,0
24,0.10563420961676473,0.06884643745327326,0.07436838071915725,0
25,0.05922867755454706,0.009218312820531068,0.10063494114360785,0
26,0.029580662060629273,0.003346165973075395,0.0827775949108153,0
27,0.11882521313549796,0.0650780272450153,0.11244873959177949,0
28,0.07101933665497184,0.03260237565983124,0.10005139766537366,0
29,0,0,0,0
30,0,0,0,0
31,0,0,0,0
