,0.0,1.0833333333333333,2.4166666666666665,5.5,8.466666666666667,17.65,22.666666666666668,27.433333333333334,32.45,41.583333333333336,46.55,51.68333333333333,57.25
A01,1.9246762240132687,1.871082666341978,1.9220392102928006,1.7977893069579367,1.2165646735942444,0.0,0.0,0.0,0.0,0.027525622868076693,0.0,0.0,0.0
A02,2.0637799803761645,1.838727797395934,1.9723740650596504,1.6740981350226773,1.2461078297862238,0.0,0.0,0.0,0.0,0.018913710062898645,0.0,0.002425264143572437,0.0
A03,1.9664989647280395,1.8216502902208507,1.742206005616262,1.8173835212303335,1.2622296705340774,0.0,0.0,0.0,0.0,0.014850184585243663,0.0,0.0,0.0
A04,2.1163042163861308,1.8465032544001887,1.841533376784007,1.6306765605022242,0.9647423442266462,0.0,0.0,0.0,0.0,0.010036573144048492,0.0,0.0,0.0
A05,1.9120083579505112,1.8431325214870022,1.6935060380236469,1.7470806663846725,1.0788233169668353,0.0,0.0,0.0,0.0,0.010722854848392823,0.0,0.0,0.0
A06,2.1295344654348645,1.8152318253935444,1.7250007257755033,1.6892924131684826,1.0246281257093708,0.0,0.0,0.0,0.0,0.009773052623897872,0.0,0.0,0.0
A07,1.854855353729226,1.809977247913484,1.731133075570587,1.8432121682401628,1.1774923886023196,0.0,0.0,0.0,0.01591168139892639,0.009060751442912102,0.0,0.0,0.0
A08,2.099785223080501,1.754259998429688,1.9335190943159146,1.6339512032607315,0.9175720358431194,0.0,0.0,0.0,0.01379224352794278,0.007729743415036913,0.0,0.0,0.0
A09,1.9994054202337286,1.7462846795201215,1.684639093672483,1.675563259127097,0.8594360738934135,0.0,0.0,0.0,0.020413993813064392,0.006923379516811409,0.0,0.0,0.0
A10,2.0088081835907916,2.157350273731995,1.9647462242846627,1.6989336192883466,1.2677996766850286,0.0,0.0,0.0,0.0,0.0138077137267078,0.0,0.0,0.0
A11,2.4223106904703346,1.9655052464194953,1.907434077205035,1.705223788922027,1.1113181862213686,0.0,0.0,0.0,0.029675406822598713,0.01271443779396626,0.0,0.0,0.0
A12,2.3168061157135083,1.9959528481205893,1.981161649969414,1.7607531118398398,1.1606668061306857,0.0,0.0,0.0,0.038575761502672105,0.018214966826006037,0.0,0.0,0.0
B01,2.204596378395371,1.9702615009387099,1.903502695301464,1.8914235479415926,1.1298267555982693,0.0,0.0,0.0025451145163300423,0.0849932168167372,0.02891309173870312,0.0,0.0,0.0
B02,2.410367235603489,2.008474690168088,2.05261734478456,1.751890944003329,1.1444573316519593,0.0,0.0,0.0,0.018021601996054546,0.016115714479565734,0.0,0.0,0.0
B03,2.2068826788161284,2.0184181792052422,1.9457656323947576,1.7750495638517647,1.086797298195231,0.0,0.0,0.0,0.01848007871842701,0.010814973176108914,0.0,0.0,0.0
B04,1.4761256656242439,1.322242858470806,1.3300445268693175,1.2061535496136955,0.8058262733456445,0.0,0.0,0.0,0.0,0.006982460869119885,0.0,0.0,0.0
B05,1.4557961668233736,1.3886076211665221,1.310994571893402,1.2331185945227638,0.8127215050133202,0.0,0.0,0.0,0.0,0.00016893170580137827,0.0,0.0,0.0
B06,1.3988559117039716,1.364034543925101,1.2692437703567614,1.232222216099076,0.6099637283531301,0.0,0.0,0.0,0.0,0.003681334906511664,0.0,0.0,0.0
B07,1.4894977975800285,1.4061345365538336,1.3136609527761038,1.2245421838365882,0.7134497029990314,0.0,0.0,0.0,0.0,0.00825991321293438,0.0,0.0,0.0
B08,1.510932534698938,1.4577706073654342,1.3980870817076176,1.226591462212678,0.8112683239177856,0.0,0.0,0.0,0.0,0.0015146030417124382,0.0,0.0,0.0
B09,1.4763215102067155,1.3895035100508184,1.3701204480776175,1.259206216456838,0.6956017650228014,0.0,0.0,0.0,0.0,0.0,0.0,0.0,0.0
B10,1.6523907909841695,1.4240736524139868,1.4401894951945842,1.2908972460122272,0.7442041538096222,0.0,0.0,0.0,0.014076198797492055,0.0011891816343361991,0.0,0.0,0.0
B11,1.655177418393901,1.5951876624348114,1.3880946780231707,1.2488152677566078,0.6303862543638233,0.0,0.0,0.0,0.016909885640794438,0.031323172878853514,0.0,0.0,0.0
B12,1.5666187905588322,1.4407470204312571,1.4702311255768652,1.2375957600701215,0.7565047968159611,0.0,0.0,0.0,0.02887788003930858,0.012568563913376584,0.0,0.0,0.0
C01,1.6111466796280363,1.2651666769293224,1.4563387637209964,1.3238702522509609,0.5841035141457698,0.0,0.0,0.009709006795232036,0.030200290565643873,0.02330284359887435,0.0,0.0,0.0
C02,1.7056036037307667,1.4385802141914454,1.4016179703188458,1.22457663272484,0.718073893556255,0.0,0.0,0.00555241853760902,0.03096434109331851,0.010064765119593595,0.0,0.0,0.0
C03,1.6235898597689187,1.4730917225867541,1.4195413015476002,1.3138615160609246,0.7977364437541783,0.0,0.0,0.0,0.01135539389806376,0.025069185869727072,0.0,0.0,0.0
C04,1.7580793992511834,1.592495865796023,1.4492969706212704,1.3278989574349578,0.7605188506407705,0.0,0.0,0.015805416536157114,0.007572785158090457,0.0,0.0,0.0,0.0
C05,1.7011625918743425,1.5506581582305627,1.493514741176064,1.448156815686728,0.7765183196316584,0.0,0.0,0.018813175023796914,0.007569983727065398,0.0,0.0,0.0,0.0
C06,1.6883426618099497,1.4538243439270049,1.4440329158111136,1.3584920239889307,0.733546753922153,0.0,0.0,0.027870247561853096,0.005832144240854415,0.004316154183038731,0.0,0.0,0.0
C07,0.9782383206697984,0.9362424158202687,0.8739883965007054,0.8447229613280655,0.3618421993217874,0.0,0.0,0.0,0.010871490475226992,0.0,0.0,0.0,0.0
C08,1.0098818146557063,0.8788440338545254,0.9001191333884839,0.81420439316891,0.5378811803277123,0.0,0.0,0.0,0.0,0.0018145779593333378,0.0,0.0,0.0
C09,1.0117068191513934,0.907823411178549,0.8948968131824406,0.7854269784361656,0.3122103308431401,0.0,0.0,0.0,0.0,0.00568742840548879,0.0,0.0,0.0
C10,1.0566229131937397,0.8617930353576225,0.8719769522031945,0.7414829562934235,0.13574365725620874,0.0,0.016226473027416734,0.016263926109968796,0.0062494834186178315,0.0007502007567267415,0.0,0.0,0.0
C11,1.0315906627512137,0.9068531965218183,0.8992820022822012,0.7621892343458753,0.2947256578497634,0.0,0.0,0.0,0.01549918048852135,0.00252524862355523,0.0,0.0,0.0
C12,1.0060247311345916,0.9257363202756694,0.8654555664420294,0.7920146114383869,0.4336054035107148,0.0,0.03787730061358603,0.021361423739732738,0.027004750270597126,0.012963554330393666,0.0,0.0,0.0
D01,0.8693701029596556,0.8821200570048883,0.9256443207155752,0.8103806379188745,0.2795253592260982,0.0,0.0,0.02698302053517142,0.021412813059691227,0.016346577936757995,0.0,0.0,0.0
D02,1.1006805960557369,0.9551791421386968,0.8612377065013668,0.6754276330224724,0.1784435117483102,0.0,0.0,0.01970068184351095,0.014537715485217782,0.009059094877429452,0.0,0.0,0.0
D03,1.090764601345335,0.9085235630829567,0.8901076045079797,0.7677115942699433,0.14549116202452084,0.0,0.0,0.021538776138258258,0.014354379299520168,0.008020038118588767,0.0,0.0,0.0
D04,1.056106283899571,0.9746025531099287,0.8849869923415852,0.7015459889695997,0.02938923114922748,0.0,0.012187409183991053,0.02041928237061646,0.011971247758916816,0.009336647245719833,0.0,0.0,0.0
D05,1.0231843122047901,0.9632859390921938,0.9186657169068917,0.7867595918929378,0.17313001272981937,0.0,0.009752109439629099,0.019374670116389464,0.007847644820628026,0.002705381211806153,0.0,0.0,0.0
D06,1.0473698430244534,0.9514275968764578,0.925452317584924,0.7090802526970481,0.06312111110719554,0.0,0.007763950912102594,0.016630745597360674,0.011238065742084549,0.01861474087147718,0.0,0.0,0.0
D07,1.1331072671017408,1.0670536289616512,1.0511086217823464,0.809517638030876,0.11363826846748387,0.0,0.012267474367461052,0.016456706128714606,0.007023083526183639,0.011971247758916816,0.0,0.0,0.0
D08,1.1032302066818132,1.1049197712375243,1.0043119003398386,0.8013358644974278,0.07495090722632228,0.0,0.018723785691446723,0.010816915034924133,0.006198575305555199,0.005923751024419899,0.0,0.0,0.0
D09,1.145213288647318,1.0350443451519349,1.0358876984128227,0.8716834863890438,0.2407101166178452,0.0,0.0,0.014171045739256573,0.01096313330817052,0.0008353321579845593,0.0,0.0,0.0
D10,0.04585358408603324,0.04034144055204704,0.021079112655346777,0.0,0.0050675330808522484,0.0013390781914366474,0.0031381761084767028,0.007572785158090457,0.011604651503014995,0.015341802718444883,0.0,0.0,0.0
D11,0.058535941758284006,0.04452439510062949,0.01888937142542263,0.005831888380046085,0.003673081271591996,0.0,0.016960107183113762,0.014610598402984683,0.014262712191216671,0.009261243178759202,0.0,0.0,0.0
D12,0.07293439595057642,0.05476663373732465,0.040125606616284205,0.016940749124561373,0.01018115937549285,0.0105091065373146,0.025204962793658105,0.014360062652304453,0.03376490470143165,0.016718546580093287,0.0,0.0,0.0
E01,0.4505684036035207,0.29603542359615764,0.3433480193625915,0.2628560583796974,0.0,0.0,0.0,0.003252968339269198,0.02191827302257667,0.028112698820431208,0.0,0.0,0.0
E02,0.4612783949789401,0.36380148068332785,0.3533106408776926,0.276380472643922,0.0,0.0,0.0,0.0,0.011061303596807397,0.021392654572775165,0.0,0.0,0.0
E03,0.40742935814280623,0.32663702475755313,0.36393787802579375,0.32418703207616056,0.049299987638228016,0.0,0.0,0.0,0.007684432705964334,0.006878589190215681,0.0,0.0,0.0
E04,0.46091770413893507,0.38231018442161313,0.3628040764490015,0.29701410322214655,0.0,0.0,0.0,0.021714544727109018,0.019763900926839793,0.006088876284869277,0.0,0.0,0.0
E05,0.44432362937579184,0.39224110610399765,0.38121846653506153,0.2979036564582871,0.0,0.0,0.0,0.024166555208990425,0.009386433385316296,0.0057252309980350535,0.0,0.0,0.0
E06,0.4372764488199479,0.4086751519648299,0.3701920985266302,0.28713081466175516,0.0,0.0,0.0,0.015185474524062582,0.010413286147571777,0.006059697840495733,0.0,0.0,0.0
E07,0.4571934989155464,0.4009694113645279,0.39172239195137026,0.3064772259966761,0.0,0.0,0.00999398913902714,0.01509274020742421,0.009313662644628596,0.005674345070373022,0.0,0.0,0.0
E08,0.4630491331773511,0.44370587350995083,0.41394911277717467,0.29664815954819124,0.0,0.0,0.010511243835382296,0.017194341683654475,0.007621102838836258,0.006268382460852985,0.0,0.0,0.0
E09,0.4680355044961453,0.41011556580631003,0.4138319991244002,0.3034502346431958,0.0,0.0,0.009340383569556826,0.017654832442853874,0.015193811055070425,0.008305757365552351,0.0,0.0,0.0
E10,0.48828591091646506,0.4861821114585075,0.4458738253996163,0.3393215090392988,0.0,0.0,0.014418452146623857,0.012734981742899124,0.009674957488879483,0.005797951780771389,0.0,0.0,0.0
E11,0.5460012402441652,0.4684582625817475,0.4554281779182429,0.31851677194729655,0.0,0.009526199214732415,0.014234144754474586,0.020804895207609968,0.01597635012845166,0.009533635240881046,0.0,0.0,0.0
E12,0.5425053086503586,0.5044623102942789,0.4598988361664329,0.33897844197506477,0.0,0.011038673324682315,0.028224003913226138,0.026142624999398033,0.02406634440926983,0.014868857520916743,0.0,0.0,0.0
F01,0.5745785400313443,0.5857315052780601,0.546862731327278,0.39921127645982146,0.0,0.026766975774372617,0.08728210591462982,0.021467285512456885,0.017777744780875446,0.0302782263137693,0.0,0.0,0.0
F02,0.5798991946999956,0.590927775278758,0.5668019817701974,0.3797168716510406,0.0,0.012700848692746469,0.015881750005528238,0.017074208187688008,0.03314997435290187,0.018605380488648918,0.0,0.0,0.0
F03,0.552816720225458,0.5609961478581058,0.5300748758961034,0.35728783152864346,0.0,0.010454871455333086,0.011811249799996683,0.028991322815946123,0.012250774933110189,0.016581933859497355,0.0,0.0,0.0
F04,0.0,0.0,0.0,0.0,0.0,0.0,0.0,0.03780511569631714,0.015325210366431401,0.00533695028302387,0.0,0.0,0.0
F05,0.0,0.0,0.0,0.0,0.0,0.0,0.0,0.021781596088453394,0.014131190469586361,0.007590089823475357,0.0,0.0,0.0
F06,0.0,0.0,0.0,0.0,0.0,0.0,0.0,0.01502705337212171,0.014171045739256573,0.006669807012927367,0.0,0.0,0.0
F07,0.0,0.0,0.0,0.0,0.0,0.0,0.012870897773691532,0.007284168968549774,0.015050181470593537,0.0020484894007453828,0.0,0.0,0.0
F08,0.0,0.0,0.0,0.0,0.0,0.0,0.014368844608295033,0.009171356605911497,0.012469362296201412,0.006831383397223937,0.0,0.0,0.0
F09,0.0,0.0,0.0,0.0,0.0,0.0,0.011717138645680374,0.04111215273086542,0.009129319258144059,0.013082892322140355,0.0,0.0,0.0
F10,0.0,0.0,0.0,0.0,0.0,0.004271071733669557,0.01067587024460615,0.011237632564751878,0.014662480630110646,0.011820678165947812,0.0,0.0,0.0
F11,0.0,0.0,0.0,0.0,0.0,0.0,0.013103237515348438,0.008172457259781598,0.020352210806795216,0.01204161479581213,0.0,0.0,0.0
F12,0.0,0.0,0.0,0.0,0.0,0.01667090245759382,0.02491559574593124,0.021809338727126308,0.031455771648509344,0.013607640272947495,0.0,0.0,0.0
G01,0.0,0.0,0.0,0.0,0.0,0.02077120683818974,0.030114454340086666,0.023769813550929345,0.02696348555653672,0.025345763322792807,0.0,0.0,0.0
G02,0.0,0.0,0.0,0.0,0.0,0.013575317393474411,0.02005998810617205,0.019349026420587948,0.01666984462389,0.016375928699550773,0.0,0.0,0.0
G03,0.0,0.0,0.0,0.0,0.0,0.011437709847621673,0.01134823521190831,0.032204959609540826,0.014235056858819976,0.019963280589582966,0.0,0.0,0.0
G04,0.04803648585368599,0.04785306659914508,0.020853739816221732,0.0038934509914894744,0.005199117955539015,0.01471350766935653,0.013463945850067143,0.03430532584568827,0.01812811465512827,0.015204220675483385,0.0,0.0,0.0
G05,0.05169235403670449,0.040998929447477336,0.02489224811909141,3.086583208813942e-05,0.002721857358603014,0.0205932284349885,0.011703069860572997,0.028054945160139615,0.016724141368709394,0.007424549955798696,0.0,0.0,0.0
G06,0.041538677795006286,0.03644508453949724,0.0202524223206376,0.0037429764290169976,0.0038072216983884265,0.010395044508547759,0.011141592088093451,0.012352006632830403,0.016791542247686926,0.008726843436341017,0.0,0.0,0.0
G07,1.6040937584961061,1.5628032260154905,1.5128490702217827,1.4785184515472107,1.3020698326131308,0.057470873817999646,0.0,0.0,0.0,0.01983579761005624,0.0,0.0,0.0
G08,1.7749876808333973,1.7832146338018875,1.6279972854636489,1.6701922393185566,1.374866004954414,0.0,0.0,0.0,0.0,0.009629711839315047,0.0,0.03794597841831705,0.0
G09,1.761500185013332,1.6321163249887014,1.60010597989823,1.5941513931439257,1.4747479099695577,0.0,0.0,0.0,0.0,0.00634447590162031,0.0,0.0,0.0
G10,1.889192573392677,1.9768268533787197,1.5590111181238133,1.7564442547423464,0.9550154809390423,0.0,0.0,0.012263980543455342,0.017595737548615098,0.0062691792030533655,0.0,0.0,0.0
G11,1.9728613910475847,2.032070614101279,1.9876714010425178,1.7203902006562357,1.2893605420088217,0.0,0.0,0.015759567706246508,0.01781991648607786,0.0046273897364861255,0.0,0.0,0.0
G12,2.183085550644892,2.1610866631864827,1.7668316998722868,1.9027853505286927,1.084132009443954,0.0,0.0,0.020340593517659218,0.03269155349834143,0.012353954700665047,0.0,0.0,0.0
H01,0.05359352129127637,0.0,0.0,0.0,0.0,0.0,0.03794726851942211,0.028505282308669447,0.04576460740896484,0.044404051823558124,0.0,0.010902034960539164,0.0
H02,0.0,0.0,0.0,0.0,0.0,0.0,0.0158730404951175,0.02422328613626361,0.04111215549880639,0.032961278386845275,0.0,0.0,0.0
H03,0.0,0.0,0.0,0.0,0.0,0.0,0.0,0.028966941559553438,0.029801152048378715,0.033044409739509006,0.0,0.0,0.0
H04,0.0,0.0,0.0,0.0,0.0,0.03300798380745125,0.030363719996661903,0.03105996790561061,0.031233805360988357,0.02546544409910605,0.0,0.0,0.0
H05,0.0030182657249008815,0.0,0.0,0.0,0.0,0.02890971639382135,0.02338155213819571,0.02319793833392577,0.03176596383351225,0.026402281698206034,0.0,0.0,0.0
H06,0.007499076318247255,0.0,0.0,0.0,0.0,0.027227901789947793,0.01962732424783377,0.015093460579615685,0.028247479833907088,0.02852380989526228,0.0,0.0,0.0
H07,1.118093822381443,1.0295369142196593,1.048107485534778,1.0534322304232102,1.0721605587971783,1.1586866806041394,1.1574787232423893,1.1419933703294411,1.1744255521283704,1.0669978712231745,1.1010104805534322,1.1922650283177447,1.12659802673053
H08,1.1618242686428522,1.1729222337608436,1.1376627074771273,1.0922243189961973,1.138346943522891,1.1450851891001719,1.1625171024396024,1.1619192887011733,1.1628252417583915,1.1447083390746724,1.1310997285275537,1.1576523117719497,1.1712657191060876
H09,1.067028446412162,1.0437007283138067,1.0726628081952208,1.0524664579850502,1.1099793335915265,1.154534233024219,1.148187581997537,1.138659744215457,1.1528361878416598,1.099681221442352,1.1135931501252467,1.2214612811720384,1.1718169764729036
H10,0.0,0.0,0.0,0.0,0.0,0.0,0.0,0.0,0.0,0.0,0.0,0.0,0.0
H11,0.0,0.0,0.0,0.0,0.0,0.0,0.0,0.0,0.0,0.0,0.0,0.0,0.0
H12,0.0,0.0,0.0,0.0,0.0,0.0,0.0,0.0,0.0,0.0,0.0,0.0,0.0
