,0.0,8.5,18.133333333333333,42.21666666666667,66.33333333333333,90.66666666666667,114.0,137.76666666666668,162.0
A01,1.718381130029192,1.6948291979865227,1.7866778093460363,1.6979084673392402,1.5346038164007583,1.4320973047821806,1.3878902694080486,1.3885073262764733,1.0060156010219174
A02,1.7879495688514537,1.7425120262905631,1.6886123984117287,1.6675616637175825,1.6521469661535695,1.3731971703278985,1.5124372183952854,1.2482901081357707,1.0870759068717912
A03,1.9013815449955327,1.6757314532055003,1.720844186439638,1.6409998918962725,1.5613332846757109,1.4874418159267042,1.4255264379063777,1.3842068372583025,1.0653597396912111
A04,1.7823727591586656,1.7626740060363446,1.6219425495288187,1.579566770526258,1.6553395646656353,1.4232981792211816,1.5867952048820564,1.4639365663741815,1.4495488529245695
A05,1.7281123114686634,1.695267346365703,1.7452057739054538,1.5907467685986187,1.640918166095699,1.2928571768115833,1.3587746487614962,1.1497097093747664,0.8501764385052532
A06,1.9249761126542166,1.6560704996575302,1.7034932540025824,1.5261299395079502,1.6507222871835296,1.343456702617126,1.6711747343661159,1.3288600640281039,1.143047175366316
A07,1.9410371357217415,1.719489626255892,1.6947879091458264,1.416077105934968,1.4481594777747426,1.4180298931554576,1.4040277859437187,1.4664986117342638,0.8434215676375253
A08,1.8408973160620454,1.7656825335477613,1.6561724315551254,1.6039962622775912,1.7530088294488857,1.5423644013698354,1.7393247949762636,1.461432081111336,0.9507521432655341
A09,1.9491064548432868,1.6992329396882897,1.6757690215807453,1.4600659433835252,1.5032702180510218,1.4008688409468542,1.4541395189491333,1.5463965010186291,0.8649283350835825
A10,1.9952746711320652,1.823079733522205,1.7765730661400243,1.675902852217754,1.6835574289724615,1.5899124941893232,1.6240685687678056,1.5560202290983722,1.1960705191235248
A11,1.9084439758347376,2.0146045328236113,1.5947510591972924,1.60908774732031,1.660859834523537,1.8022212195348377,1.3136041828007565,0.6655098073283756,1.1975998613203032
A12,1.8534658837746938,1.7886057517610376,1.8085890504468984,1.6110557039511695,1.7268614893828567,1.5575818696828512,1.6820548491014118,1.2725113349819321,1.1203554208989261
B01,1.843749727610902,1.8684575190010622,1.9283315749234808,1.8524356657228602,1.7338216021406379,1.6396685868516296,1.4899930449384498,0.8135635675298982,0.673750421457612
B02,2.0368998823468303,1.8759374561898345,1.8143583025969678,1.6270732531662246,1.6551156623423122,1.5306703185469905,1.3913105851639205,1.2328423300583025,0.8065629615753768
B03,1.9857483570329308,1.800487800424198,1.8876075733164428,1.6033319454328805,1.6053070226162094,1.5782961464399858,1.3412074367734763,1.2733180818413077,1.171090978423656
B04,1.3187294549923525,1.1512769227608932,1.134872493445446,1.0398379293755446,1.0894503699697824,1.0331494018252403,0.8855638150638482,0.8008574582366685,0.8430105680016923
B05,1.2888912177717788,1.2662343137050232,1.133137276902702,0.9777227530910605,1.0605799742426198,0.9522534920437413,0.9134367834688593,1.0200841470226034,1.0426670856552314
B06,1.2962840984058988,1.198716647413658,1.1179183139195819,1.1154917759400627,1.05467097653068,1.010091702918447,0.854780794206314,0.8305731975276378,0.7456768095991948
B07,1.2521934474749092,1.2191025636776547,1.2860744822800716,0.991083359234194,1.0654861408787384,1.00317911616577,0.80301463100676,0.8487706005226687,0.8322650174855535
B08,1.3244251384054972,1.2150946578280108,1.1347942666480697,1.0431692148537808,1.0609700664391915,1.0204906398362374,0.8413875824334689,0.7601716984002879,0.8272878178709688
B09,1.375207197718825,1.2600098388635397,1.1872325767315075,1.1467572110798299,1.1467440595151257,1.2055966574389607,0.8970723430605613,0.919714452644667,0.7971623944586318
B10,1.441020269119086,1.213340350470639,1.1803311928468394,1.031849354238176,1.1594891770260332,1.133874362212132,1.0089773138156128,0.878265606451919,0.7747405910470634
B11,1.304840447908266,1.3358583183369241,1.1633654698521871,0.9924780971890284,1.0700345931418904,0.9375316890208052,0.9027401318445634,0.8288715548330609,0.6840191228288189
B12,1.4522012399134046,1.2868533037430903,1.1919530960417526,1.0664061803086968,1.2610047940100206,1.1906291329517054,1.026832839229277,1.0149235356623143,0.9043533888260797
C01,1.3764802969104672,1.3349514780959448,1.231061037241396,1.2014552405469592,1.175692875165965,1.09197424395743,0.9785173754736848,0.35447648963079303,0.5649772611879303
C02,1.4356102161859663,1.237577292979116,1.344792337570335,1.0309363565200662,1.0402178174409131,0.9527817988619783,1.0032036628246155,0.884162793879334,0.768449915352203
C03,1.4271981392049848,1.2766029339278624,1.244962491460138,0.9114429570725553,1.109887395143986,1.0578201443164057,0.9358180928514734,0.737293972477524,0.6014035220268142
C04,1.4611336283426557,1.2334212806313367,1.3053926613453837,1.0846828300619116,1.0319732207015415,0.9140347036452339,0.9633007063905588,0.6897992801835454,0.7042786154939008
C05,1.4811656397027,1.3135230987949693,1.292457565226095,1.0422856977217794,1.1242398961644497,1.1025136999787921,0.9829038946121667,0.8029406322513447,0.7718749277371506
C06,1.519218029493084,1.2114778848720527,1.3918891928929908,1.1555004972047298,1.159265014165149,1.1452314497288376,1.0869088032598606,0.9025864350113009,0.8245028090434054
C07,0.9656498046970541,0.7625125984907822,0.708975121773801,0.7969407814828251,0.5967031144429574,0.5936686426153209,0.6742223639557631,0.5485654030308603,0.5294988169827148
C08,0.9033459821021456,0.7421013812753926,0.7120800233949073,0.5657461851026928,0.5707373018888965,0.5218243958675283,0.49645208251884954,0.325105211116211,0.30696048953329064
C09,0.9084266268664289,0.7701460386803959,0.6378856028469577,0.5627502760198357,0.5466006135943223,0.5177677566749237,0.5209369933223408,0.35038121149700485,0.21702009255845253
C10,0.9517913867118108,0.763431576027361,0.7426586877159508,0.5815718646151593,0.6336909343909995,0.522857735101494,0.48604622018799437,0.4516407343381758,0.32213808761406426
C11,0.9455609412011773,0.8424129833029783,0.7293845005087908,0.6243621809551605,0.665325179000263,0.6317288369670222,0.6239042714396084,0.4642059490159983,0.2017432707515837
C12,0.932672586972896,0.8151931659303959,0.7539971969283211,0.6405537783252612,0.6710424481168586,0.6383924696450674,0.8047518093159624,0.6495136926200352,0.4950386483428377
D01,0.8820813917610413,0.8407514251915746,0.8137703530608985,0.6468197992021812,0.644625359681988,0.6042187222170625,0.6083915344508835,0.5412524886411494,0.292206895012617
D02,0.9474894704375098,0.7745864895047472,0.7812460951500919,0.5474232997909911,0.5780282265513369,0.5484310078141876,0.5021643874212959,0.4253954547396275,0.3048617833875282
D03,0.9103726093536452,0.8247794997397118,0.7481994278807313,0.6666695497135983,0.6213325474502581,0.6337074020741521,0.6205209550068259,0.5110087391322818,0.4573316659987225
D04,0.9792284706579693,0.7931511749875692,0.7939772020147695,0.5956132712266299,0.5846037785201432,0.5376179472909267,0.5239109536110331,0.459826070034173,0.39817935607848437
D05,0.9832454061324936,0.8358191030241514,0.7712241137110202,0.6505483345936095,0.7617727310724284,0.5745892985609233,0.5218329627266218,0.3824123183315561,0.46748133643124407
D06,0.943209143290096,0.799126497837134,0.7570546730249453,0.5902197896807757,0.5909592344097084,0.5287499622973615,0.4539426296596262,0.4776195052319377,0.42703928052767637
D07,1.0320987809209892,0.902576215184943,0.8649591324407875,0.7157221476215074,0.6355295984624184,0.6730056296313552,0.6065945820469967,0.5379744855366855,0.3555308884917501
D08,1.005685551652213,0.9067257447395147,0.8463191831511858,0.626516810472836,0.6136399671397043,0.5746940732976789,0.522038847450307,0.4867950307339375,0.46206991781018864
D09,1.060847376427179,0.8877289528835192,0.8043484482689222,0.6377519818637883,0.6042187277273029,0.5492152765162448,0.5149635630614641,0.41939090371970894,0.40118173612990143
D10,0.04565102298892823,0.016608407287603204,0.0074095512716942005,0.0037419065520622108,0.0,0.0010045385314172823,0.012772744159643787,0.03603121971315447,0.009265881397863916
D11,0.048305158201628826,0.030596775072196502,0.006549240800499892,0.005395465710770951,0.0,0.0,0.014937174060892166,0.020824667934723845,0.014542271951154633
D12,0.07109017444305242,0.03295034757719953,0.03333614534173987,0.011427310599887568,0.008519506670349808,0.013227465614779338,0.02165770667291285,0.021449866310299544,0.02193707582815841
E01,0.35226850777071606,0.2848569186111284,0.2648165275225513,0.16195572166732855,0.06327739029825588,0.18194817593969637,0.09301136110534688,0.10782010605908948,0.020025866078868068
E02,0.4013132399935615,0.32501887423035686,0.2649761586319089,0.20255642590088316,0.17762165739791885,0.15139822767228917,0.08282408688858613,0.06273371690435216,0.018338692435343553
E03,0.39714690096241234,0.3157590443646883,0.28650352700910525,0.21976742845613595,0.19891093866880985,0.16407722787418505,0.1659555994778238,0.1115239899659826,0.01430093503719022
E04,0.388429593655063,0.3265975305286673,0.2806345509289832,0.20136089145156513,0.16878016131541,0.1617363349288341,0.13747027018712712,0.10476613932141172,0.05094867060660432
E05,0.3806672294072977,0.33147324623799673,0.2697718495108466,0.18091265612295884,0.15474813699312953,0.11507936111217124,0.08624379043437398,0.09895128189429807,0.06863313522224747
E06,0.3875511064236334,0.31485713708584095,0.2395959893928832,0.1634653838597336,0.13254995206648212,0.12329433588703388,0.10299556611612339,0.08601790608595279,0.05786238754482543
E07,0.43804298571085765,0.33293066598629834,0.29909478034676557,0.21641620419042248,0.14476612780475967,0.12298624804205724,0.076233024184689,0.06755292101891779,0.04918299105827564
E08,0.4299424376121853,0.3585656411636499,0.2786296722193048,0.20964425271897175,0.16470503522902172,0.16064996109028692,0.19655492136032557,0.12139580651190794,0.17057647423535333
E09,0.4499112212740718,0.36228597331466267,0.2934055576488254,0.2028488706110868,0.15110345556675062,0.117186926113665,0.07901992890892295,0.05050296829816601,0.04296238565461797
E10,0.4983417984963332,0.39519625068023456,0.10531468147756869,0.012243914694170766,0.0,0.0,0.0,0.0,0.1383202378765178
E11,0.532522709976478,0.4533708022664193,0.3519960068272955,0.22499285513246045,0.15622734652865458,0.11569376216618706,0.07271078590616253,0.07391704982907259,0.05841029601832992
E12,0.5212636011976006,0.4597652416213092,0.360834454372928,0.22731898754879057,0.1308990374962644,0.06751172557173236,0.023732318201092163,0.023619226366210024,0.013069835209376289
F01,0.5236707773063697,0.4804539741180048,0.3959774200902677,0.2711338453358781,0.23576893465738843,0.17963899106885034,0.1730590505428397,0.1669229463040368,0.08277479951903319
F02,0.5235207692239046,0.45132107216388695,0.40203092588427186,0.29417644740804433,0.23871519676054587,0.19539923999166026,0.16506752663742125,0.18820169616216884,0.13886910097672145
F03,0.5561119227883565,0.46001495112906665,0.371116339147385,0.25606608758904265,0.20217633382346828,0.15246845292829142,0.13273978815897217,0.12646699313464196,0.10509275455744302
F04,0.0,0.0,0.0,0.0,0.0,0.0,0.0,0.0,0.0
F05,0.0,0.0,0.0,0.0,0.0,0.0,0.0,0.0,0.0
F06,0.0,0.0,0.0,0.0,0.0,0.0,0.0,0.0,0.0
F07,0.0,0.0,0.0,0.0,0.0,0.0,0.0,0.0,0.0
F08,0.0,0.0,0.0,0.0,0.0,0.0,0.0,0.0,0.0
F09,0.0,0.0,0.0285625086149091,0.0,0.0,0.0,0.0,0.0,0.0
F10,0.0,0.0,0.0,0.0,0.0,0.0,0.0,0.0,0.0
F11,0.0,0.0,0.0,0.0,0.0,0.0,0.0,0.0,0.0
F12,0.0,0.0,0.0,0.0,0.0,0.0,0.0,0.0,0.0
G01,0.0072054297692528135,0.0,0.0,0.0,0.0,0.0,0.0,0.007893742779114029,0.004591639214688026
G02,0.00022300290707093218,0.0,0.0,0.0,0.0,0.0,0.0,0.003865262641912804,0.03916994757034736
G03,0.004590188567625206,0.0,0.0,0.0,0.0,0.0,0.0,0.011557844474731504,0.0
G04,0.03812160015385937,0.004674327286478669,0.0026396474358707264,0.006358353161735583,0.003963126996145239,0.009993002925372543,0.0033536318105467215,0.02583052766582802,0.010075047665140011
G05,0.038350528709111764,0.01821117254961834,0.006473939199288547,0.0047291518583763405,0.006534846800987379,0.005940871841878716,0.010247242213686596,0.027453750943618953,0.0003785673012302592
G06,0.042355604108441344,0.004257444011878612,0.002129802351586321,0.004195446983442468,0.0023123234115486175,0.0027658264204910967,0.0049512829888789444,0.01403440082908059,0.017207449326060078
G07,1.8242252791314568,1.6022435370745978,1.4912530543430025,1.383370568797339,1.4454856250457964,1.5011365745196388,1.3215479922816427,1.0222861640778391,1.2309321004846112
G08,1.8107954778614381,1.5046806496930585,1.5398962902364863,1.3082164474622604,1.4072628559127631,1.3173118110347748,1.429633655715607,1.1065976473645167,1.1467137036549588
G09,1.7286646374746497,1.5494421322347662,1.5247810338968912,1.436287033574901,1.4590052577881691,1.469366624213374,1.4104236800472192,1.1480929613498423,1.2507183240170365
G10,1.9350385482518906,1.7660093860341615,1.6840989200555685,1.444882225219295,1.5256919025014786,1.5691114460654743,1.4580201549347496,1.1628501319757458,0.889045357071482
G11,1.7969109768547433,2.015124616526666,1.6941439888364824,1.3710944483008178,1.3823517977253081,1.52786328961987,1.283942089367286,1.1482024502253447,0.8602275008267734
G12,1.93782009632459,1.8294313081726488,1.7833109756516916,1.4553045231204917,1.5298906077016046,1.4645774238233835,1.3935794032042808,1.122846939294279,1.1373718636058552
H01,0.0,0.0,0.0,0.0,0.0,0.0,0.0,0.0,0.0
H02,0.0,0.0,0.0,0.0,0.0,0.0,0.0,0.0,0.0
H03,0.0,0.0,0.0,0.0,0.0,0.0,0.0,0.0,0.0
H04,0.0,0.0,0.0,0.0,0.0,0.0,0.0,0.0,0.0
H05,0.0,0.0,0.0,0.0,0.0,0.0,0.0,0.0,0.0
H06,0.0,0.0,0.0,0.0,0.0,0.0,0.0,0.0,0.0
H07,1.0135810944071526,1.0152832411960448,1.0097774805135296,1.0483566412163974,1.0197505809152423,0.9437586950166158,1.0005621853039015,0.9366597044932614,0.9726936333174088
H08,1.0145758489168555,1.0163653601898446,1.0094277721567493,0.9877151826217904,1.0018570659874053,1.0350621112321965,1.012769302588297,1.0060703566959006,1.034328164996581
H09,0.9971703119730455,0.9936786539111647,1.0061220026267752,0.9892554314588661,1.0037196083944062,1.0465064490482414,1.0119957674048552,1.0825971941078916,1.0183054569830643
H10,0.014779847152595615,0.006466679530071203,0.0,0.0,0.0,0.0,0.0,0.0,0.0
H11,0.07619335044655007,0.02237722189032635,0.0,0.0,0.0,0.0,0.0,0.0,0.0
H12,0.04389418877444262,0.02392890403004721,0.011160654731175196,0.0,0.0,0.0,0.0,0.0,0.0
