,0.0,4.8,7.866666666666666,10.633333333333333,13.8,16.416666666666668,23.866666666666667,32.36666666666667,40.416666666666664,49.36666666666667,58.31666666666667
A01,1.1847178194678791,1.1989840980396347,1.2473612939355476,1.2346231359910882,1.3180146289155716,1.260437195088485,1.2513499671433057,1.3120189179997666,1.3291208676852717,1.334453279697494,1.3275657540867911
A02,1.1929007746588336,1.2255434702172696,1.1967718425413978,1.2059537334442143,1.2286435450579631,1.2150276671657043,1.2522364086776052,1.2991431706065273,1.2921525521187192,1.2856072137298837,1.2940387539471396
A03,1.320235557581413,1.3417868485710371,1.3222345297604545,1.334008876895803,1.3907218521538103,1.3444540324012908,1.3569039354503412,1.4449746509357042,1.497647767488364,1.4838011799989483,1.5090423782772313
A04,1.74796134413025,1.9122483296457538,2.117641470090021,2.1817718999625906,2.286362606749263,2.1901120507107037,2.4359865715879976,2.710870519375723,2.8552935825858365,3.110670021258557,3.2410957867440255
A05,2.1361134539290365,2.0025039646659115,2.0890436441439557,2.233792828213475,2.3683216714597597,2.4023650976046014,2.4303419646131355,2.6987799553874057,3.0174622365869856,3.0383845374459018,3.117271760675342
A06,2.187941103768741,2.18268577619818,2.1941115740414077,2.391319732894991,2.486259200761226,2.5020734201584878,2.771863809947585,3.0120577847126304,3.330154597041634,3.3686615835355886,3.581614285704331
A07,2.176517650619035,2.064341467567708,2.2159469294122034,2.4291901352995766,2.4675700120784465,2.3834984047389756,2.618920511950696,2.8466479088554264,3.024160444046657,3.1465260387871608,3.1531359147743454
A08,2.19571153242408,2.132805908113786,2.260352525988131,2.2738703676251677,2.3053974981615752,2.3417809223442063,2.586249556778707,2.9461099707244016,3.069678411134075,3.2516357381024785,3.2813814308454248
A09,2.1223154077253605,2.0765192757172612,2.1364556345786343,2.2332206796715366,2.3043651757145813,2.245352565183522,2.462265343230783,2.8222434419873395,2.9645181635888322,2.981764356824694,3.0832181148732367
A10,2.230245683062262,2.027269240257921,2.2039412358043973,2.2754745839538555,2.279600106009074,2.3906295332831706,2.581734065488242,2.8741125563337047,3.0046576562266485,2.7787392829806823,2.89528369878648
A11,2.2285294729880016,2.155395695225066,2.273068291659289,2.379358530817885,2.4164078167771015,2.439442980990293,2.52552164076224,2.9129575035085913,3.093700984857994,3.001251877255781,3.1856169468356677
A12,2.211715804060787,2.073218262734664,2.116843553202535,2.293929247404132,2.4552323478974274,2.3409770249338138,2.5574316871999314,2.788997207688451,2.891422628562964,3.01370251211748,3.2297311426090474
B01,1.1898042677711933,1.5384421066951344,1.5433634413929085,1.7697024172537523,1.7499883536029261,1.824292412052952,1.9687967152729837,2.218348644159191,2.404896902834607,2.4432454943352226,2.533380354662839
B02,1.0763312040710893,1.2740730362336938,1.4051947808657723,1.4473162433897167,1.5341924977356922,1.6586813567944323,1.7641811942066283,2.0257918428470605,2.1007757246974617,2.3540717594959295,2.3543015428845817
B03,1.1152495463188838,1.4787777498302435,1.5329624575159988,1.61682984635616,1.6577831363562143,1.7113857107893928,1.859195581984434,2.0632036057146803,2.3352355289212574,2.317214390704032,2.4619194193847544
B04,1.3851571484426926,1.4499925670684974,1.5865708317945475,1.7428944097706278,1.7845808952557032,1.787286853929607,1.948953100015319,2.2523363464737813,2.3269697103371922,2.514661544997799,2.5879864672613455
B05,1.3713610112681562,1.461704218946152,1.5148530215439793,1.618623911431295,1.7171223730083984,1.8451843180025405,1.9177965086203177,2.220293030139214,2.3822333823746726,2.437829940059169,2.5922712814380415
B06,1.4835778990165935,1.4498810489381855,1.5100479879239743,1.6206423602680582,1.7305121122098919,1.8174068742047822,1.9487263909586687,2.2127449418503073,2.317214390704032,2.481412728715931,2.495031014214365
B07,1.4271397882753276,1.4232397877177938,1.432266253998009,1.531508837129922,1.6088699500709045,1.7493126688086442,1.884296414971589,2.186684311414078,2.333283671324138,2.3241001685203133,2.502650740488101
B08,1.5318442818819937,1.5126180287355715,1.53016709475586,1.7319752128246448,1.7964212398287047,1.9686832862391914,2.033406895142309,2.3102154736224927,2.3420106112880146,2.6338777522581,2.556737625843363
B09,1.4890487497127425,1.383487932985958,1.4949672962144853,1.6639589346602404,1.7416559538312972,1.8607779047987847,1.962785561949536,2.289801751928218,2.5467911954937184,2.240087182223627,2.6645114948516593
B10,1.5844426183801779,1.4311517323774234,1.53352156059965,1.703738503969683,1.7883016504130098,1.8219218050948154,1.9188156722391767,2.360966029719514,2.472068189040515,2.3565994739316674,2.281204629094197
B11,1.5261422192567775,1.3499002476715296,1.4863690277910249,1.6173904804033103,1.6614884656898976,1.8504942789333239,1.9618783216960745,2.259436282726131,2.456154613340102,2.264246872236556,2.2726099721726505
B12,1.5547750251338275,1.48581078177482,1.5265894016035808,1.6610393109530377,1.784129925513371,1.823615076929389,1.9697041628420693,2.259207226285039,2.3876388526649164,2.3526930962568455,2.349476462611215
C01,0.5595670204064347,0.7813390906090579,0.8591489803117733,0.9269525885448298,1.1141463740902697,1.1162424347506097,1.274294806830655,1.5263658096164732,1.6628359694797636,1.698678905044941,1.8201157523403977
C02,0.5370310610216162,0.7879978491629707,0.8178158086515219,0.909083773741526,0.9966616670411532,1.0512199531290887,1.2068388784950632,1.4227941047891537,1.5865708317945475,1.7462722724785906,1.7094737295431308
C03,0.5441801590844586,0.7410890661889523,0.857617151477517,0.9236630841824862,1.0909887808438445,1.1039990231892034,1.3021396334166457,1.5388894681659993,1.7437951365830902,1.7283738605686483,1.8329862185047971
C04,0.5542566254922193,0.8102767303733304,0.909960533009549,0.9211413647809823,1.0272289622966828,1.0584869201301552,1.2584422094496968,1.4254682990351157,1.6297270268131152,1.7575345177162092,1.8029635951301384
C05,0.5810344211715,0.7482844804004406,0.806999434153526,0.9002079673430237,1.0377915296982996,1.0933037655092201,1.2473612939355476,1.5396723664232983,1.7800714982324826,1.7047505243397607,1.8292599971766674
C06,0.6777095935726479,0.8198921043138263,0.8343206840845871,0.9607448376138639,1.0263489096593326,1.070712457516608,1.2662012085967471,1.4599192985456069,1.606628099072742,1.7263482866792599,1.7528038680741003
C07,0.6709653267320158,0.7624620756522558,0.78450455418085,0.9009749131239679,1.03823171425712,1.0823917719970517,1.2501311514278637,1.5449294860547598,1.7347890650512503,1.7992410481759538,1.94226589583778
C08,0.6520455580710607,0.8393503830356757,0.934081033554175,0.9936944938347718,1.1083002137981737,1.1644908440230857,1.3898314321198937,1.6484656552612194,1.8279051207772357,1.9349003450288538,2.022041850686369
C09,0.6303126840371618,0.7166805106851111,0.8571794998271985,0.8952780496088779,1.0554037576503896,1.0737971341648933,1.2775106589563627,1.545824404586173,1.7774788971557398,1.900589138285922,1.9523539394636056
C10,0.6901141041180816,0.8077641060462054,0.8295104211957703,1.0267889328769337,1.0934140071652807,1.1372108090859747,1.3423424928855978,1.5293844387707676,1.678561236246453,1.6029294035075001,1.5804106190712472
C11,0.7191858757145393,0.7561358983500408,0.8252473947418262,0.8559759892522736,1.034270276719354,1.0880126247261965,1.2914868612680075,1.534527971800411,1.73253796251088,1.663734338325317,1.6188481769550953
C12,0.6571549532319927,0.7731540233233108,0.9341907146147472,0.9969913703446552,1.0606893656714638,1.159739967055185,1.3869377444516968,1.581082582139466,1.5316206516402149,1.582650553232233,1.5381065898690225
D01,0.08642458427425848,0.14510576347204934,0.22812656728284775,0.3057715049858628,0.3955721411228686,0.44218726615328724,0.6447633804254309,0.8445996234948274,1.001607581911418,1.0571655274604668,1.1468168363273836
D02,0.08621100523502576,0.17304102767978777,0.2631132590174563,0.3182466390350026,0.4216768320807451,0.47870698215447904,0.6681375144818915,0.8880489056068298,1.039442253809706,1.198762865396204,1.276069028777539
D03,0.08621100523502576,0.16265611618338785,0.24089335051117866,0.3225495397809114,0.3984835874671775,0.44035158327370844,0.6513933543340162,0.8141006745232015,1.0172198269997859,1.1089619881668606,1.2392747261937627
D04,0.08621100523502576,0.1901781302560085,0.29684832115420484,0.3885641949602414,0.4640076130188278,0.5335654118047253,0.7431603048482648,0.9849045230218785,1.2096051194868438,1.3290097855483953,1.4979828428278776
D05,0.08621100523502576,0.16661697447202892,0.24862026420052902,0.33890585482501956,0.4249144427587054,0.4713564475579562,0.6637875285133333,0.8776462445075882,1.0341602439650293,1.1568676959821302,1.217794638219992
D06,0.08621100523502576,0.16897231126398954,0.2625763643162541,0.33610746969330924,0.43452129325310906,0.49828066967852164,0.7134129424135374,0.9357262898060975,1.072364924903795,1.1838333047871723,1.3002529378162788
D07,0.08621100523502576,0.17304102767978777,0.26859009987810273,0.33513885509339236,0.4174684305570363,0.45763279486819863,0.6647662231157045,0.8666998006473969,1.0066642153627336,1.1427311518271595,1.254674253634698
D08,0.08621100523502576,0.17893087368075725,0.25710055308744334,0.3411662681565678,0.4228639177499188,0.4726534771548454,0.6485672937053572,0.8486465119991311,0.9825975652046088,1.1216487163262858,1.1630544557990283
D09,0.08621100523502576,0.1598731028742177,0.26032150498413675,0.3226571197306978,0.40527799757256433,0.46065797289085486,0.667376223680889,0.8653864839866812,1.0406528403231374,1.1584142705065907,1.2353983525700187
D10,0.08621100523502576,0.18846400774524674,0.2769682596189272,0.34708715743748986,0.44121542084238063,0.4845453832463186,0.689134623372053,0.8988932468034752,0.860133766899548,0.9045907674560523,0.8556477671038569
D11,0.08621100523502576,0.17057832187797659,0.2820176982318971,0.3665800301547023,0.4777340196256413,0.521005607081689,0.7353121200374125,0.9341907146147472,0.9697476295791086,0.9392364587924684,0.8652770434126633
D12,0.08621100523502576,0.19457098762857045,0.2802986508563782,0.359255343467525,0.47805833715752266,0.5334571163694981,0.6968624644624233,0.9189487303051378,0.8738145546866232,0.893196761537143,0.8586018900030539
E01,1.144939563284343,1.2118182898133403,1.2179053221946152,1.216798500215601,0.8020841302999824,1.2571122903761607,1.2708575410091916,1.3304538844602254,1.3423424928855978,1.306579371025127,1.3495667783306964
E02,1.0424137772757565,1.0978239933560694,1.1026756994369367,1.1427311518271595,0.7434873549801518,1.1543270619898285,1.1716737810995486,1.2375026095509005,1.2372811020915355,1.2452563677596953,1.2561148885257503
E03,1.0465964008798703,1.076000661530256,1.1108370919319126,1.1191109570181863,0.7307349148065971,1.1398604513352142,1.1520075339938594,1.2019708930377455,1.2298615163789073,1.2198977012597658,1.259218021935612
E04,1.8448454158155707,1.7464974766274468,1.7678994589348982,1.7726324520372558,1.1367692239855018,1.9273100347211085,2.028519402179133,1.8854275715802564,1.6381411593364152,1.12374528227193,0.10693478055317403
E05,2.2461539001292534,2.086310611074321,2.178916215760043,2.092118602445131,1.3965102088345416,2.200969138433209,2.3296099319072168,2.3466047607120544,2.111828559417626,1.581866557663665,0.5417969472743831
E06,2.0910935815041753,1.9844539997600963,2.06183822811251,2.1786877727408447,1.369581313560212,2.2407739189048,2.424237776200643,2.2751308160832733,1.975716690102439,1.2241042550642047,0.24218103990426257
E07,2.1834854406938837,2.0614968933624467,2.2019979080965175,2.1951401089369864,1.4422987632365658,2.2779956688334884,2.4742598547920975,2.5338426966833696,1.5790667371069929,0.6337889398319152,0.08621100523502576
E08,1.978326271668086,1.8487995097717578,2.002617520547635,1.9729938883060782,1.2912649674991348,2.116729566800791,2.069462376866696,2.052623544312868,1.6493636021631874,0.7582081267922246,0.08621100523502576
E09,1.7116106576307453,1.850042331250653,1.9142863182781342,1.9168906141549744,1.2287542677471606,1.9327476759040285,1.827227705208125,1.5558940362493925,0.6954473660829283,0.08952163975667454,0.08738570750463007
E10,1.8634906499214712,1.9598371304930773,2.163842697678669,2.0462545426152925,1.3589052807971014,2.256573202960691,2.1837139201711255,1.5819785558033626,0.7579899910603951,0.08973524078518735,0.08749250074785574
E11,1.8775103601269862,2.081414546109359,2.0831223854850043,2.099864331595836,1.3366753895493826,1.998870401551005,1.5907156714093098,0.8939635358044806,0.08621100523502576,0.08920124087427467,0.08621100523502576
E12,1.850042331250653,2.058197523093087,2.138736938296866,2.0660483407866845,1.243927014338211,2.026701001936587,1.4957490761994836,0.4968744224776427,0.08621100523502576,0.09304623818603334,0.08621100523502576
F01,1.4747595961618523,1.391723605407845,1.4785545053037854,1.4911703618274117,1.6458842046974118,1.558132180894347,1.689011779791908,1.6717085185690794,1.3839330482800674,0.910070129642926,0.28986202535035915
F02,1.4246883017451262,1.4497695312117067,1.3758107044263481,1.5278191866244673,1.544482036571455,1.4752060317688347,1.5754833397535712,1.44363667802793,1.0107321015309374,0.5584831940628745,0.08834685946136211
F03,1.4054174943573914,1.2721880502705696,1.3086884695894234,1.2852744368826161,1.2653143674851217,1.1618391022227024,0.7247419606774087,0.1405057341263473,0.08759929434573265,0.09496890928080615,0.08920124087427467
F04,1.216466461320679,1.3645764636450934,1.3115748374945126,1.3805948400419727,1.4463126819674716,1.350900677290372,1.121317692508016,0.8036132536002691,0.35430136229799614,0.09197813725587392,0.08621100523502576
F05,1.451888437074301,1.3738082631372546,1.3960649120691382,1.4220141751704345,1.5608181699590362,1.5528727998678917,1.6345508465761611,1.4519999624743378,1.0558441907733942,0.4262095792693632,0.08621100523502576
F06,1.420008732477482,1.3976234788704143,1.4117655051132747,1.3853797173253106,1.437505045692502,1.4990997869993623,1.4282541648018632,1.188809027553153,0.8551007378163387,0.44661493731434365,0.08727891461604953
F07,1.4455321568014947,1.3605731676527757,1.4326006183452056,1.5848906510333296,1.6104393433835282,1.5395605225929954,1.6051709838843795,1.2876039499332295,0.4517993358397343,0.08727891461604953,0.08621100523502576
F08,1.38627000890831,1.5289372157328416,1.4319318932790657,1.4270283528389065,1.4446401522599333,1.4936271481932621,1.4067538090837104,1.0903273882483138,0.7018702453985171,0.08621100523502576,0.08621100523502576
F09,1.4531152386907256,1.3099095923751694,1.397178166034914,1.4884904550590243,1.5108301515078124,1.507031257679384,1.3744757291349639,1.064874440795014,0.7277927767485027,0.23316830189051374,0.08621100523502576
F10,1.4185604383364716,1.3887184432103197,1.3443428951454128,1.3352309999746153,1.2945935410667908,1.1753211385410924,0.8425216942256936,0.3548398012340055,0.08621100523502576,0.08994884323259797,0.08631779457733786
F11,1.3858248599062266,1.2913759141847414,1.3458988531030693,1.442410253916304,1.419674504713102,1.2690836175583184,0.9387976661459738,0.18407198711312117,0.08621100523502576,0.08920124087427467,0.08621100523502576
F12,1.2399392960473707,1.314794565608979,1.320568710638159,1.3136842766767671,1.280726845064991,1.1643803502644974,0.7080766423077822,0.17400474664438992,0.08621100523502576,0.08941483977449566,0.08621100523502576
G01,0.8047055300610441,0.8314781669863318,0.840990676426488,0.8998792820384793,0.9219088231079451,0.8731577405641683,0.6332457496656532,0.2431468409514871,0.09208494575223879,0.09795995954531575,0.08877404733028205
G02,0.8259032073175483,0.7613712647404713,0.8702022471672056,0.8832304020222703,1.0330599377561276,0.9991894812744216,0.8241544041996962,0.5372476766746374,0.1288481464710808,0.08824006338083498,0.08717212208211417
G03,0.7721719582935072,0.6834759964595489,0.6338975789852225,0.5411470115085003,0.4152025986631311,0.2853486156435524,0.08621100523502576,0.08791967726729524,0.08791967726729524,0.08888084518423012,0.08877404733028205
G04,0.6761865686696225,0.6324852991129226,0.6986042111464953,0.7067699309361376,0.6954473660829283,0.5592418686107887,0.16404771337116628,0.08834685946136211,0.08994884323259797,0.08749250074785574,0.08685174660812402
G05,0.7139575136106491,0.7669347955825361,0.7712990373250185,0.7991353167714257,0.7768643233582485,0.7755547557485489,0.4704917905731843,0.08727891461604953,0.08685174660812402,0.08888084518423012,0.08621100523502576
G06,0.6994751205511031,0.8242637015430181,0.8087472829531066,0.7977156162817689,0.8194549780376039,0.729100359755027,0.46173846339374824,0.09432800614059589,0.08813326765498959,0.08621100523502576,0.08621100523502576
G07,0.6786887198135129,0.8347580172387913,0.8101674816612379,0.8057978444696366,0.8042686149232182,0.7590806848318217,0.5060702438437003,0.20968272908742164,0.09005564498839909,0.08706532990281783,0.08621100523502576
G08,0.6926173597189249,0.7907272558087898,0.7712990373250185,0.743814408507467,0.6932704155812297,0.5885189055730451,0.27353080028616444,0.08866724983102182,0.08621100523502576,0.08920124087427467,0.08781288260545239
G09,0.686740465083744,0.8084195539009962,0.8322434347484717,0.824810193962525,0.7943304352679742,0.7214735568101533,0.37778574857247493,0.08621100523502576,0.08888084518423012,0.08621100523502576,0.08621100523502576
G10,0.767152993299247,0.7924742003611934,0.8192364171795887,0.7687895243872389,0.7541728603455429,0.6475891008388674,0.26010676476673245,0.08802647228380764,0.08621100523502576,0.08621100523502576,0.08621100523502576
G11,0.5699736401776988,0.5730095483645166,0.6610690915158115,0.6771656476722105,0.6599817822269451,0.5654203233943953,0.2279120429951548,0.09144410009595338,0.08621100523502576,0.08749250074785574,0.08631779457733786
G12,0.7318246652750238,0.8096212437958333,0.8356327018147491,0.7478483478991261,0.7675893932701549,0.6488933647238939,0.26042887563347844,0.09155090681836049,0.08621100523502576,0.08824006338083498,0.08621100523502576
H01,0.08621100523502576,0.1297036053459438,0.11601899657592954,0.09325986262995924,0.08802647228380764,0.08802647228380764,0.08621100523502576,0.09293942649632485,0.09293942649632485,0.09165771389555302,0.08962844009357178
H02,0.08621100523502576,0.11238500198760829,0.10543880301452482,0.0910168767540881,0.08642458427425848,0.08856045268644944,0.08621100523502576,0.09176452132753712,0.08984204183152739,0.08973524078518735,0.08706532990281783
H03,0.08621100523502576,0.08813326765498959,0.08738570750463007,0.08706532990281783,0.08749250074785574,0.08621100523502576,0.08621100523502576,0.09026924956420523,0.08813326765498959,0.08920124087427467,0.08706532990281783
H04,0.08642458427425848,0.13066602381808723,0.12328821909704096,0.0910168767540881,0.08621100523502576,0.08727891461604953,0.08695853807815444,0.08621100523502576,0.08717212208211417,0.08781288260545239,0.08621100523502576
H05,0.08621100523502576,0.11195750023128934,0.09358030195715684,0.08621100523502576,0.08621100523502576,0.08621100523502576,0.08621100523502576,0.0877060882982608,0.08856045268644944,0.08898764339287825,0.08621100523502576
H06,0.08621100523502576,0.13569245561386162,0.1303452144560949,0.09678487089638993,0.08621100523502576,0.08621100523502576,0.08621100523502576,0.08621100523502576,0.0901624470989369,0.08973524078518735,0.08621100523502576
H07,0.08621100523502576,0.08930804014702905,0.08621100523502576,0.08845365589656491,0.08706532990281783,0.08621100523502576,0.08621100523502576,0.08621100523502576,0.08621100523502576,0.08813326765498959,0.08621100523502576
H08,0.08621100523502576,0.11238500198760829,0.09197813725587392,0.08621100523502576,0.08621100523502576,0.08621100523502576,0.08621100523502576,0.08621100523502576,0.08621100523502576,0.08621100523502576,0.08621100523502576
H09,0.08621100523502576,0.10789651717175894,0.08621100523502576,0.08621100523502576,0.08877404733028205,0.08621100523502576,0.08621100523502576,0.08717212208211417,0.08621100523502576,0.08727891461604953,0.08834685946136211
H10,0.08674495549272042,0.10394289510377656,0.08674495549272042,0.09069646297275491,0.08621100523502576,0.08621100523502576,0.08663816473194975,0.08621100523502576,0.08621100523502576,0.08727891461604953,0.08674495549272042
H11,0.08621100523502576,0.08791967726729524,0.10383604720279412,0.08621100523502576,0.08621100523502576,0.08621100523502576,0.08824006338083498,0.08759929434573265,0.08727891461604953,0.08930804014702905,0.08621100523502576
H12,0.08621100523502576,0.11056815880048015,0.08759929434573265,0.08621100523502576,0.08749250074785574,0.08621100523502576,0.08621100523502576,0.0877060882982608,0.08791967726729524,0.09261899355616221,0.08994884323259797
