,0.0,4.25,7.7,11.75,15.2,22.233333333333334,30.916666666666668,38.71666666666667,47.68333333333333,60.93333333333333,76.73333333333333
A01,1.187269293376721,1.2042863699109774,1.2197030804413074,1.2405517243186233,1.2395654084295513,1.2330110154473601,1.2449632630716165,1.3063506293450788,1.2375540077856022,1.2726715608604606,1.251608445286643
A02,1.2605931750062604,1.2488939233666665,1.246851972725887,1.2466085017819923,1.2342875389684271,1.239870403579438,1.2330793392754527,1.164917602066739,1.2415791026554368,1.2174387569106688,1.2563344570523118
A03,1.2453854815201273,1.2400676566254647,1.2266928967359136,1.206087723802493,1.2193950025051292,1.22036653087631,1.2152053475560394,1.2219797184912897,1.2141148394620698,1.2031376321319789,1.1853050475641533
A04,2.003743633609113,2.031703760448615,1.9416737647518787,2.1860152323852193,2.2342201694873176,2.297831937434247,2.473633816561042,2.551490339267195,2.6745961465925254,2.5859676062675923,2.6241589429814987
A05,2.5088025767699875,2.430707082578797,2.466545746505265,2.634316297712551,2.686166913067253,2.7513062530009234,2.8439827143886993,2.8601302524238434,2.8929546906737467,3.058722675630582,2.950769649366623
A06,2.3625188167633078,2.3128785475857265,2.2491026518244595,2.4541775333309577,2.543660327446405,2.6492294781909282,2.7242606136299874,2.8804880731196034,2.9593939410839156,2.9103657262031186,2.9761605288214374
A07,2.54141851663376,2.481693755695475,2.5136760949749464,2.491968322061702,2.6181151580513498,2.660266197737623,2.8040417879065083,2.9912179019012193,2.9530172937970196,3.148913521483014,2.9682305096467902
A08,2.4989718102319687,2.3916532844810816,2.370388301978107,2.516779646582667,2.7088302504327664,2.7037757689886375,2.750765806130014,2.9556537693495644,3.0688812521131026,2.874331024344662,2.921684266406404
A09,2.4579256464871584,2.3207509816303675,2.47143578376128,2.607775755429335,2.6541174056290484,2.7412435150027084,2.851509979199719,3.0058303219495666,2.8484043562609918,3.1147806631373065,2.953478619408477
A10,2.385485768931515,2.436592577352622,2.37717430494645,2.4794478444748886,2.5922424862638276,2.678371952910558,2.526820386688213,2.5335918319434345,2.415975889452174,2.3235778006974597,2.3186180093688225
A11,2.5375583650128775,2.441852485743361,2.5225103018718267,2.7681812286669696,2.8038092769777974,2.8061911698615036,2.770764924140691,2.711991556667641,2.487808330339133,2.636735823360719,2.57242020534699
A12,2.2838832131625617,2.5037566257123074,2.575666425760039,2.725038670721627,2.8396974858243063,2.898176974007911,2.8824064234662874,2.9419480575577777,2.8305759109638426,2.7193643368375158,2.7111622222499556
B01,1.9541935924110523,1.7900533245764247,1.880071981471287,2.0757483842950033,2.2020857746789706,2.020820032086361,2.3115821349360544,2.3697222451526163,2.3243631948958745,2.479571643678908,2.444735636796677
B02,2.022613905697712,1.71496768006374,1.7181487852426554,1.8309310161089536,2.0920924103516203,2.007642682471623,2.2515277050861324,2.3055837334818166,2.159457992572948,2.3237747757600173,2.481532311235048
B03,1.9520991706980535,1.650847325661719,1.737082988256648,1.8529582724141647,1.975547914106351,1.9546428780563208,2.1487672400370195,2.179645500035647,2.2559821408698983,2.3178659197478404,2.2732709652339502
B04,1.9952356184221753,1.826952708077104,1.9190072975664338,2.0434582048698275,2.0543273393980157,2.000565424742517,2.1319707977055335,2.270305457628069,2.166646472987115,2.279084758606928,2.436210477045649
B05,1.9081346160504236,1.7587450888208227,1.831973324380583,2.0095334193773735,2.1243986872180027,2.000129935048801,2.1506217521628477,2.290743929908543,1.9722430725463957,2.2792815282955363,2.2229415669415755
B06,1.9989345945550328,1.9231541785541335,1.9729741805804313,2.0530367447154068,2.277136253009579,2.2091807926118077,2.312895640105315,2.522878020496924,2.361480896245024,2.448544383055024,2.6380993662292767
B07,1.9078884143584105,1.7482304410331042,1.8583750224502784,1.959100274952718,2.062187885744286,2.046531659070897,2.189583033807839,2.312070712337184,2.398216446618526,2.3629909420582327,2.2575736968195037
B08,1.996591880931756,1.8992122952361377,1.9771095838201078,2.124279986795091,2.1030576504806895,2.084143234384202,2.1806311507927747,2.369502069851213,2.3023133386629064,2.3053615415827298,2.35679020914539
B09,1.84501971460625,1.649859531702881,1.8240789433239724,1.8524870052241564,1.9774505730780725,2.021255708340698,2.113327068226343,2.3425382100082173,2.1989060830124,2.2510543485820462,2.2257032179592655
B10,1.9990578980223928,1.9389142868397704,1.902013818547674,2.122385232041952,2.091734886300285,2.1591268125050727,2.203123195051969,2.388661090512803,2.2127827777232842,2.04302428381913,2.1140965391858115
B11,1.6569625379096657,1.5340378383479256,1.6301521945839295,1.8641521015210551,1.905791085580109,1.9709610614413766,2.107005103472978,2.3003068354290988,2.129381521570785,2.088643544878944,1.9652136259128792
B12,1.9040724281161712,1.808995268788167,1.8192486333613713,1.9979543393530106,2.140618846024642,2.2247102917953114,2.2452968498721813,2.445081366467832,2.2222419433363165,2.1989764861678585,2.1933635953317214
C01,0.928423517064345,0.9886080649827595,1.0265622595932498,1.1731580601954446,1.3264312223064576,1.2330110154473601,1.4933650705817862,1.6171010194650692,1.6154386453409115,1.6146516946806175,1.646004477013789
C02,0.7740471281489979,0.77253073736994,0.8445225799905932,0.9580421513678535,1.0276834851785241,1.1191137990258149,1.323619685654868,1.5151012806512538,1.4145891719262,1.5078319645425164,1.495033249799069
C03,0.8939602371149611,0.8997147333163927,0.9430558846850441,1.0924902339224731,1.2008730149319689,1.2823342039454326,1.4049808957444243,1.640736395782936,1.5793339672316828,1.7369852998862199,1.6298525691182775
C04,0.7487204464401364,0.7169997274621821,0.43965844753060807,0.5718800331079987,0.6720436644073784,0.8092662133800882,0.9820488694481322,1.1779146495262822,1.2076787059810545,1.2607545815505048,1.3042019575865869
C05,0.9224967510794615,0.963596557692673,1.0403764939922366,1.1922385097502273,1.3882616647746961,1.4071503829286323,1.5887026384639085,1.7513674886883275,1.8139168097254335,1.9136746196443548,1.923861241918739
C06,0.7791138269184578,0.9160440895144953,0.9337853867256194,1.1128201137888294,1.1945441723092374,1.236333411862691,1.4457123541430814,1.644315224424171,1.6237589477009304,1.650413784398481,1.6213898072304753
C07,0.8845318525251773,0.9449366119746572,1.0710358742717971,1.1464103265142107,1.3422934792152597,1.358023784931898,1.5486058098973354,1.6676382563122296,1.577103717489216,1.7149377652016675,1.7399211383948747
C08,0.8132655788055185,0.8569637936894845,0.8617615982407955,1.057308687875226,1.1542445038550182,1.213188484598974,1.4063774545639824,1.5967273912054325,1.593326205525002,1.5809518638803859,1.593289681715689
C09,0.8422443908517472,0.8816847761213671,0.9415493202244878,1.0244701484322927,1.1875129949280399,1.2549858767978317,1.4227094133118492,1.597052435652646,1.5899798446481799,1.6593346785330099,1.6358845076805262
C10,0.7855081667763748,0.8466158344424899,0.959746802043445,1.0129871960041938,1.1176025906107157,1.2143668978144981,1.3356328757218605,1.356352665639655,1.2255814360381228,1.2441339020019053,1.1008361251291963
C11,0.8413989648233023,0.7658447088094221,0.7504413521601647,0.9149599707743886,1.0466137146507088,1.130983611597486,1.252244928124475,1.352363567764063,1.230108512191858,1.169179195782676,1.0670170614791987
C12,0.8182150723940002,0.8551375464277472,0.894171977491908,0.9805234252611122,1.1150280546625349,1.135475639061837,1.2907057841317982,1.3316685813580083,1.2360446881624017,1.1529766847566978,1.1054498283878071
D01,0.026500657021536637,0.11846391199343867,0.22068138024840786,0.34023737644415286,0.4073487938822068,0.5168708509223308,0.6974398507918879,0.7970497400015389,0.8794246141066268,0.9508055656476728,0.9345848020702981
D02,0.01828644287669721,0.08470010709330408,0.18112787294923055,0.27578721468715095,0.3869073771150844,0.45880855576380386,0.6048703787327572,0.6867298383350291,0.734577487361201,0.7869021330913434,0.778878665920631
D03,0.016381865871777236,0.11185378079636611,0.1997578932596146,0.3112654370280927,0.3835589454000914,0.4765367728968259,0.6219959331907186,0.7143933233769423,0.7559819746922705,0.8121003818666421,0.809135890054436
D04,0.012572901900209132,0.11137307356281789,0.2298307790284317,0.36979776832027467,0.4735759313088332,0.5747894134698502,0.7797867160464717,0.8724764021344448,0.9694719471311152,1.0809528569163704,1.1070839642359196
D05,0.013406091119332005,0.020951263842663805,0.43012935569572597,0.5824641437032612,0.6581169660385863,0.7491633922327109,0.9470214788719329,1.0976240309815974,1.1290094896428597,1.1317978250522167,1.2367585780175385
D06,0.011620700494021426,0.10404278510930613,0.2141633688740914,0.33485407171490394,0.44178152977745844,0.5584005009232895,0.6973339584254821,0.8082444804733141,0.8757305217418359,0.9184718627608949,0.9748190585306852
D07,0.018881636183080086,0.13156623158910424,0.24767651867996718,0.38320835557609106,0.4498728979574026,0.5753181779692538,0.7628186318350301,0.8703411162222635,0.9364708782604997,1.028828548104902,1.0009909956258551
D08,0.02138151563585273,0.11497847557548678,0.2254846234209747,0.3507764499956252,0.4525317514420369,0.5563919088249403,0.7473403290377532,0.8904164322616329,0.9678713514561846,1.0449852469069683,1.107660732546802
D09,0.016024764735969328,0.12098798034844796,0.2313177011733748,0.33771746542091313,0.41335563170848133,0.5358877645715356,0.6592273965017093,0.7675290411306743,0.7844702321255437,0.8541611948825321,0.8221232408514397
D10,0.01447735221504245,0.12459398413237231,0.21359165060695987,0.33932103166965993,0.45449707399306993,0.5346197443281252,0.6752074165370078,0.6377180825663269,0.5705386326807076,0.48913045622381135,0.4270437380459176
D11,0.015310569145467048,0.022151156414663274,0.19644288510003385,0.2961557573182632,0.40215110044539976,0.5597748474967649,0.7077124858914033,0.6679061747152781,0.6469717432040857,0.5518722507672251,0.47080045800717774
D12,0.012691928189285603,0.11485829187350598,0.17884241839043882,0.3035956062523238,0.4413192020033188,0.5553347876530029,0.7221189428618785,0.6590817074861809,0.6211491232583299,0.5306964392815453,0.47743400445435513
E01,1.2462370032519916,1.2598060763197279,1.2797287022498571,1.2539474386419298,1.2771118266834063,1.1550528345946895,1.2296538781174047,1.2282164953632002,1.1956133847615966,1.1846203028664566,1.1826087717375897
E02,1.1865401841449454,1.2287916555752363,1.174058692916181,1.1650160332283555,1.187278638116222,1.093565990813464,1.1352267893930095,1.1818896371126402,1.0806489932967749,1.144733920601317,1.0793118988667707
E03,1.2378439967311425,1.270842982439318,1.2481340201875086,1.26152041226013,1.2390962435680228,1.1882341902808264,1.1945566895057562,1.2300446657808768,1.1403544701418749,1.187881854506087,1.1353545032401657
E04,2.1236115616787985,1.950333839399683,1.8345657657196626,1.9647671724420297,1.8848937104188412,1.7543777144165156,1.3362765227217925,0.8340553014367591,0.00917626445627289,0.005477389001374477,0.013658929729603595
E05,2.1812309038277835,2.101117366403472,2.1765839945398446,2.1540128798422504,2.0774358978613385,1.7918712532961956,1.4364668791253394,0.890630043125065,0.05712338738268139,0.004823538159231075,0.01375272765101948
E06,2.2531541227442826,2.1712408497415385,2.1531050989020293,2.255183102882355,2.156128047359856,1.8678139619447007,1.5528079607761698,1.1802781170459595,0.29177753544025,0.005197166047202928,0.011126459556650122
E07,2.239282092862881,2.127636810081946,2.2448270936134684,2.3876033986241865,2.4421913343143458,2.1790110271824705,1.0379952657019393,0.027984475326502622,0.00917626445627289,0.004823538159231075,0.013471334471766657
E08,2.4556876487172277,2.325749933025368,2.154409207392427,2.1836440201051146,2.126068180505821,1.8290683190124943,1.4298026225891123,0.792146171706697,0.009960283154323249,0.007532410716330077,0.015534925209165157
E09,2.251915406460204,2.1186710761986474,2.149430057787244,1.996536667348871,1.9049597834669156,1.455465099113859,0.7776653873170769,0.08680765915294161,0.01074431488939683,0.007532410716330077,0.012064394899239748
E10,2.1343642498087227,2.4082978463844453,2.265614321466545,2.4571568882004167,2.125948929243206,1.3969340087643038,0.30780458956413104,0.0061533174426898155,0.0053543599759824576,0.005664205274747201,0.01309614629602442
E11,2.147962604903096,2.1510541560141765,2.0989538283649836,2.061315896836478,2.0717173803393067,1.476032173906217,0.4680779903315512,0.005418779181691954,0.0054523536572104745,0.004823538159231075,0.01243957449557928
E12,2.2256611803138133,2.3842712094331397,2.167689241656723,2.4313017388073863,2.3719379637908684,1.6351543194044664,0.7744835647290519,0.005733579985140997,0.009960283154323249,0.004823538159231075,0.012814757211630496
F01,1.679147644133072,1.714473215554019,1.6591549999337774,1.6719468928578507,1.6238919135634418,1.4352295179694912,0.9781083763496569,0.45771311959843075,0.016036870150064535,0.007719235531492486,0.011876806270949935
F02,1.8677721606473159,1.5716321099393118,1.588378380908727,1.6828676872722241,1.745352568654205,1.465262991984149,0.9207406619844334,0.25778434835686775,0.015154736346155115,0.004823538159231075,0.008781706494789921
F03,1.662722460680681,1.848013606215292,1.8131230197280008,1.9816534091204276,2.0361096349676244,1.94485461029961,1.5641232462832966,1.0468121580075727,0.0063343059524239055,0.006224658753752993,0.011970600487602063
F04,1.7677311570242575,1.5504283127374492,1.535269726563473,1.6394326606132539,1.6349975987227268,1.313776811649742,0.9071269585623094,0.37773048381546964,0.014664669142672926,0.004823538159231075,0.012345779304027988
F05,1.5745506722677394,1.6488717551425265,1.6028077606718436,1.672533975229243,1.6276723138044433,1.2607760148180565,0.7996255419821613,0.17422377712740816,0.01221440953373345,0.004823538159231075,0.013002349739574221
F06,1.788240833611674,1.7589925160832083,1.710741586791175,1.8940924995809545,1.938103160518801,1.4834642940874254,0.9942983601696952,0.4105121485525171,0.005746335922763421,0.004823538159231075,0.01122025221355135
F07,1.6227829286038293,1.8787519834705029,1.736965363667474,1.9051771017443473,1.9902953011504432,1.743221932874117,0.9561751726365496,0.09532169532957747,0.0054523536572104745,0.004823538159231075,0.01863048830211199
F08,1.7490702524061867,1.6723361505656844,1.5945954388970256,1.8495416803348204,1.8975973880046884,1.5151442741486199,0.6679046492926143,0.006782930171203749,0.01064631020952441,0.006224658753752993,0.00934443611763096
F09,1.679515427656919,1.7646836450303351,1.708155189420452,1.8824208018696138,1.7906012259647337,1.3804847527979742,0.8165001100990651,0.008986636548635487,0.007412270048857009,0.006691708658068753,0.01225198430745271
F10,1.8099869131965143,1.571385508153563,1.371587396972649,1.4321380346609176,1.4776063381283826,0.8610385842076065,0.00539300954121475,0.005418779181691954,0.013684550017887334,0.005010351715000914,0.01487831791830513
F11,1.6244975341903765,1.7613431296300857,1.6368437458503462,1.7118832867353753,1.5806725486801663,0.7303829395079777,0.010092770619998127,0.01045582756944876,0.014076595222713975,0.009961193889898738,0.01243957449557928
F12,1.6449544043333826,1.7589925160832083,1.6799481225808603,1.8211571477097028,1.5378418319959601,0.6606286230800861,0.00622849049857316,0.005418779181691954,0.009666274614815744,0.004823538159231075,0.010938874827756635
G01,0.8171285610223604,0.7568501993129965,0.6632100849952342,0.5160025702881589,0.3139809542587341,0.011568428027383898,0.009883883016022305,0.012344850274691625,0.01721307423197964,0.004823538159231075,0.010000962880838972
G02,0.7829744738442133,0.669167357383616,0.8160728879912224,0.8399957537954327,0.7777704768754372,0.4472042085982938,0.011032775583791257,0.010875604284988273,0.013586539226068523,0.007345586677742382,0.008500344315006611
G03,0.7751328110646172,0.8573290501789054,0.8663904604308991,1.0460508153103685,1.0292023334754163,0.6512012901922484,0.18481805391026723,0.030924006216984927,0.009960283154323249,0.0083731285002483,0.010282334417877882
G04,0.7619853879774647,0.6550923690204461,0.7280431913816451,0.7158630331654512,0.6040686471194364,0.17086912672549118,0.009361667805040158,0.009826169039968812,0.0050603801541673045,0.005103758784039584,0.012627165463629004
G05,0.8249760574713021,0.7358280328966449,0.7637229936917728,0.7323591345604877,0.653011401104878,0.19794077298121415,0.015106333643851399,0.012659694263808169,0.006040320021164576,0.005010351715000914,0.01225198430745271
G06,0.7633120533799997,0.7969718106891166,0.8639602582668059,0.932327671256513,0.8067359398132875,0.4080858059652653,0.009257225414077482,0.005418779181691954,0.010156289865856385,0.004823538159231075,0.012627165463629004
G07,0.7710314517242003,0.8595206383788552,0.791336153259688,0.8412674253798708,0.777188999005091,0.30995030744479835,0.00539300954121475,0.005418779181691954,0.005844330418577349,0.004823538159231075,0.008031411247299204
G08,0.837413555552937,0.7519888934613952,0.8652332076537064,0.8375681003683751,0.744868601849322,0.26684005278687084,0.00539300954121475,0.005523712564779109,0.007608266168590096,0.005290573504481441,0.00934443611763096
G09,0.7463089733078648,0.7641429359270183,0.7099236324164109,0.5920146257307504,0.39475967464088363,0.005399272925946967,0.010823884072187687,0.01129538449064553,0.012410425616344175,0.009027030982585959,0.015441123582556197
G10,0.7338915153926153,0.8450333713434574,0.987228537789562,0.957231146876939,0.48560481193085425,0.01177756518636231,0.00539300954121475,0.005733579985140997,0.007118277396765464,0.004823538159231075,0.007281128475010805
G11,0.7348558804623163,0.793566455090137,0.66505479397563,0.4601825777877164,0.2512863729600053,0.009267976658605813,0.00539300954121475,0.006887866389228289,0.005550347542084969,0.004823538159231075,0.01375272765101948
G12,0.7407629754566805,0.8104736179507112,0.8876883434948072,0.8465856495491675,0.5112906995795349,0.01428727891360028,0.008630575626846321,0.005838514022426407,0.017311092563463363,0.004823538159231075,0.01122025221355135
H01,0.02138151563585273,0.040992741496745935,0.03710249577680268,0.016353718704578635,0.015439943821859316,0.022549304495857323,0.007063985346261514,0.010350883935892778,0.030937624168686048,0.00940069381547906,0.008875494277920379
H02,0.026262547272161124,0.03643179342337303,0.07461300964014413,0.02056694988267521,0.013719632038031195,0.012718693161253498,0.011450561212207512,0.012554746049284502,0.012606442513879755,0.004823538159231075,0.00906307042899486
H03,0.017453182641839683,0.022151156414663274,0.03778634816543632,0.011229955360002748,0.014866500600372545,0.012404981879990477,0.007272861228628999,0.00972122671515094,0.011724372892525316,0.005103758784039584,0.007750053745785931
H04,0.02209578695648189,0.03139116500544648,0.012147723086802417,0.009522140744868384,0.007756299775282834,0.009790797278201013,0.009361667805040158,0.005418779181691954,0.00927426608059081,0.004823538159231075,0.012908553378109582
H05,0.0191197152380188,0.0247910078960737,0.10062322233646828,0.08870688270790855,0.03172822039722722,0.008431474968216474,0.0068551103320881246,0.006258252352253797,0.010058286408241655,0.007345586677742382,0.010563707709500603
H06,0.015310569145467048,0.01771167850681061,0.030150480994866155,0.008725178811883264,0.013146206696814986,0.008431474968216474,0.010301659092306155,0.005418779181691954,0.009960283154323249,0.004823538159231075,0.01487831791830513
H07,0.017691255757289748,0.11281520729513365,0.15507935524781766,0.07833228793653636,0.013146206696814986,0.011463859773933344,0.00716842317892365,0.006887866389228289,0.0313298128951922,0.004823538159231075,0.011032667094724911
H08,0.01578669854936171,0.03823212458896568,0.010552827196283521,0.008839029806718827,0.005921557965116647,0.009267976658605813,0.006019618957048658,0.005418779181691954,0.021820156138412088,0.004823538159231075,0.009250647359811223
H09,0.013287063345795023,0.10680655485006799,0.17232939728057897,0.090873255206576,0.011196605114308434,0.011045588933668981,0.00539300954121475,0.007937240564179406,0.0050603801541673045,0.004823538159231075,0.008406557311608498
H10,0.012334850064274337,0.04651437166147664,0.010438907837119578,0.007928228473217188,0.013604946492995047,0.015437606218885014,0.006332926594900228,0.014443847289819896,0.019565570438468613,0.004823538159231075,0.00709355973112646
H11,0.01626283191239082,0.04687449633575791,0.010211069829127034,0.009180584210983677,0.014751812671301878,0.006235724202128732,0.00539300954121475,0.005523712564779109,0.0344674402068328,0.004823538159231075,0.007187344005614016
H12,0.015667665827227516,0.09298903139730937,0.09959626903203053,0.0385622341201159,0.01933951580917739,0.01930708204143427,0.007481737979190576,0.008566875537622361,0.0417240036063919,0.004823538159231075,0.01122025221355135
