Nitrite_input,Nitrate_input,Chloramphenicol,no3_rate_early_mean,no3_slope_early_mean,no3_intercept_early_mean,no2_rate_early_mean,no2_slope_early_mean,no2_intercept_early_mean,no3_rate_late_mean,no3_slope_late_mean,no3_intercept_late_mean,no2_rate_late_mean,no2_slope_late_mean,no2_intercept_late_mean,no3_rate_early_var,no3_slope_early_var,no3_intercept_early_var,no2_rate_early_var,no2_slope_early_var,no2_intercept_early_var,no3_rate_late_var,no3_slope_late_var,no3_intercept_late_var,no2_rate_late_var,no2_slope_late_var,no2_intercept_late_var
2.0,1.4,1,0.017276403971338932,-0.017276403971338932,1.8123995035295775,0.003380513933288233,0.013895890038050633,1.836764335604,0.0069002942245900666,-0.0069002942245900666,1.4854702582141364,0.0007041565973249332,0.006196137627265167,2.186404158417977,1.6711001258322595e-05,1.6711001258322595e-05,0.00040453059783511524,2.3866396254200206e-05,6.740422200964507e-07,0.028331886870919063,4.354363157031191e-06,4.354363157031191e-06,0.00661425340251846,7.653462917004296e-06,4.245595533500448e-06,0.01960349078354212
2.0,0.7,1,0.016243845927403966,-0.016243845927403966,1.3142377971400137,0.0024598196552051334,0.013784026272198832,2.029263648894132,0.005778201146606633,-0.005778201146606633,0.997336017033389,0.0072815453991053,-0.0015033442524987333,2.7381055782822297,2.0543418464738097e-05,2.0543418464738097e-05,0.0007626137557565861,1.1682137933087828e-05,1.2587131296807396e-06,0.00908910569642976,2.2091718428549274e-06,2.2091718428549274e-06,0.03043673018942426,4.746269200159993e-05,2.933806192977447e-05,0.09578644087934741
2.0,0.0,1,0.019798241681126465,-0.019798241681126465,0.7805443184250311,-0.0001701834521417667,0.019968425133268266,2.068972967072993,0.0038342567739731667,-0.0038342567739731667,0.3078853722333283,0.0026680407911001333,0.0011662159828730667,2.879297451460106,1.079297793218973e-07,1.079297793218973e-07,0.005702598320123149,1.68270047334733e-06,2.6419997917605306e-06,0.01979433990533407,4.992077971629434e-07,4.992077971629434e-07,0.006459909440188132,1.913251785134439e-05,2.127174990613088e-05,0.0504469160798943
1.4,2.0,1,0.0059699199497685,-0.0059699199497685,2.0727783431124673,-0.011949476032127699,0.017919395981896232,1.3382339932093619,0.0039475711581936,-0.0039475711581936,1.7956168023840018,-0.0003643507336287999,0.0043119218918224326,1.762719361754561,6.785003906335182e-06,6.785003906335182e-06,0.005969599188972966,2.087356112302004e-05,5.938376552319693e-06,0.010384035496002567,1.0241966987786182e-05,1.0241966987786182e-05,0.03478783250066992,4.300188467303091e-05,1.707404265485804e-05,0.010580112654776258
1.4,1.4,1,0.0111933716987407,-0.0111933716987407,1.712927370053843,-0.005418348639029333,0.01661172033777003,1.276134554385717,0.004061139103563867,-0.004061139103563867,1.2910640176342199,0.0007309551416390002,0.003330183961924934,1.779856159252308,2.1218002301036325e-07,2.1218002301036325e-07,0.010606617692611882,9.39055299416105e-07,1.955594280821786e-06,0.007965111789534116,1.947003060833158e-06,1.947003060833158e-06,0.01186175655433836,1.9495212895234887e-05,1.4682103581974128e-05,0.010940879902810145
1.4,0.7,1,0.012805023739316766,-0.012805023739316766,1.242710411687911,-0.0072230920226109665,0.020028115761927767,1.2827268570321604,0.004376035503227533,-0.004376035503227533,0.8535175762513654,0.0009215157402016667,0.0034545197630259333,1.8330518514951937,2.858138829452468e-06,2.858138829452468e-06,0.008719418448005143,1.1494581390194151e-05,3.076914042062599e-06,0.0023552300769626596,3.2773620891168597e-07,3.2773620891168597e-07,0.007929742902812245,3.6256073798763236e-05,2.985434894051708e-05,0.11777257251515762
1.4,0.0,1,0.0138580749311884,-0.0138580749311884,0.6776623539099239,-0.005469521487919633,0.019327596419108098,1.086887578294282,0.0023243247702616,-0.0023243247702616,0.18065160280339373,-0.0006522152723708001,0.0029765400426324333,1.6641054905083663,4.0162968280070336e-07,4.0162968280070336e-07,0.0008966607985297665,5.261256953248233e-06,3.7312317966251803e-06,0.03267859069018333,2.3017047779821914e-07,2.3017047779821914e-07,0.0038207856346839067,1.7460843405793615e-06,1.0692804894108475e-06,0.019850310421253577
0.7,2.0,1,0.010376552726664866,-0.010376552726664866,2.179361895718857,-0.007819196280991534,0.0181957490076564,0.4567551391052935,0.006137784140323901,-0.006137784140323901,1.8714622980680602,0.002231166488626145,0.0039066176516977,1.0002188918157284,2.1227014985639474e-05,2.1227014985639474e-05,0.013312481453192344,3.879415485314903e-05,2.839958678892776e-06,0.0008766308548680635,2.7177221653417885e-06,2.7177221653417885e-06,0.011124203893565695,6.680030041497593e-06,1.8603898549944508e-06,0.0012393416012439293
0.7,1.4,1,0.0116312953977828,-0.0116312953977828,1.722763820937966,-0.006886312619753966,0.018517608017536834,0.40411745700402774,0.006590969125746066,-0.006590969125746066,1.4511287048254393,0.004061859824922967,0.0025291093008230335,1.096639974425845,1.077502030496516e-05,1.077502030496516e-05,0.014591711687910475,2.578709290882671e-05,1.0598317519927564e-05,0.0014983393848314237,3.7356767473605353e-07,3.7356767473605353e-07,0.020514524073726257,8.768734937643449e-06,6.527232732872714e-06,0.004688756673302424
0.7,0.7,1,0.013793324551115434,-0.013793324551115434,1.168265894111817,-0.0053822434328042665,0.0191755679839198,0.4095952623537506,0.0035460131681823667,-0.0035460131681823667,0.715355138911525,0.0018282756915302331,0.0017177374766520334,1.1317429072742677,2.9472727159737655e-06,2.9472727159737655e-06,0.001929561150612806,2.5328036843172735e-06,8.627287836713166e-06,0.002082533311331874,7.615607915354213e-07,7.615607915354213e-07,0.0008707183899886486,9.728760090146811e-07,1.4815584326612908e-06,0.012189847721789118
0.7,0.0,1,0.018426272489083798,-0.018426272489083798,0.7028869184510346,-0.0033355798229962002,0.021761852312080065,0.4182163641368089,,0.0,0.0,0.0016816956621244332,-0.0016816956621244332,1.3810027975864971,3.3210142483079605e-06,3.3210142483079605e-06,0.003022980794845836,1.1989687230972594e-05,2.8410624471213943e-06,0.0002542377315764077,,0.0,0.0,1.692427685646042e-07,1.692427685646042e-07,0.004061073461742704
0.0,2.0,1,0.015334498229453099,-0.015334498229453099,2.0873630500531224,-0.0052950471275474,0.020629545357000536,0.016050530726050134,0.008007628699954134,-0.008007628699954134,1.7688707160895565,0.0033459283491673333,0.004661700350786766,0.6582490389595819,5.924349546153488e-06,5.924349546153488e-06,0.0009477150277364025,1.0634103416067283e-05,1.6925032684304815e-06,0.0014012817537161805,1.332642942500428e-06,1.332642942500428e-06,0.008981975448814954,1.9069863825979847e-07,6.006655950314106e-07,0.004036388133936502
0.0,1.4,1,0.014756413059915435,-0.014756413059915435,1.6267430748056049,-0.004369826187649734,0.019126239247565166,0.0195770592169574,0.0056172263740391,-0.0056172263740391,1.219506213110348,0.0010605936713222,0.004556632702716866,0.6237195983564784,3.9528292075536254e-05,3.9528292075536254e-05,0.005948128462126652,1.8551518582724555e-05,1.044602155781704e-05,0.000986751693978191,2.1161493300246053e-07,2.1161493300246053e-07,0.060937031708404935,2.9504695957022978e-06,2.885200233938056e-06,0.011701101178688915
0.0,0.7,1,0.017711583700534134,-0.017711583700534134,1.0772203219262275,-0.0044698937912352995,0.022181477491769463,0.04764050026438706,0.006828490670217167,-0.006828490670217167,0.6513605671403714,0.003979233922549067,0.0028492567476680664,0.8135947089641223,2.0090489353019163e-06,2.0090489353019163e-06,0.00031432024728861443,3.3112546082820197e-06,4.674535609981327e-07,1.4449983491557753e-05,2.704132925680416e-06,2.704132925680416e-06,0.02016367604394351,2.682098722142272e-05,1.2586342079871915e-05,0.020927943903227452
0.0,0.0,1,0.021794738666495766,-0.021794738666495766,0.5303358841206025,-0.003788099497750767,0.02558283816424663,0.0303309411414439,,0.0,0.0,0.0041137883971240005,-0.0041137883971240005,0.8502727024324207,1.0521771047591231e-05,1.0521771047591231e-05,0.00044263564870008316,4.224628404914657e-07,7.144063077827041e-06,1.5192598772296163e-05,,0.0,0.0,8.291882610426249e-07,8.291882610426249e-07,0.0009178710293284155
