row_label,no3_cons_5hrs,no3_cons_10hrs,no3_cons_15hrs,no2_cons_5hrs,no2_cons_10hrs,no2_cons_15hrs,Nitrite_input,Nitrate_input,Chloramphenicol,Sample_type,init_no3,init_no2
E04,-0.03851777795382634,0.17873398041873145,0.5479517125326314,-0.28043469687035966,-0.11934743560110755,0.27048083635734005,2.0,1.4,0,,2.0047470473270743,1.3786615097015984
E05,0.0857888854441415,0.575282285746251,1.191755733002059,-0.17981919787605388,0.11582939578683894,0.6422508745421147,2.0,1.4,0,,2.088416119358238,1.564452857133822
E06,-0.09209289897582273,0.09313194882098652,0.46802175738772345,-0.3163849129274463,-0.24151027150020568,0.0817515911166942,2.0,1.4,0,,2.019187870670657,1.494130798425349
E07,0.17919938662097637,0.7603860042786508,1.406886491144956,-0.19643933746426734,0.03376237590462233,0.713876310755446,2.0,0.7,0,,1.406886491144956,1.5713901632709364
E08,-0.017126265417041098,0.7251937442083595,1.429264207216799,-0.3692067833022365,0.0027922250744060115,0.4660940354681275,2.0,0.7,0,,1.5452746291813786,1.2149590701961372
E09,0.1419836763736777,0.7324777612595779,1.4074214751187664,-0.12358293804946101,0.05292646682430486,0.667285393593735,2.0,0.7,0,,1.4074214751187664,1.440697560578964
E10,0.22293199861599852,0.8113432496805292,0.8875733583677504,-0.17202077096128315,0.13144979966543782,0.33296896336976345,2.0,0.0,0,,0.8875733583677504,1.2134805986504174
E11,0.1818918454915302,0.6598276447417286,0.6598276447417286,0.07626272319458251,0.033499046933757846,0.1746884902206721,2.0,0.0,0,,0.6598276447417286,1.4518258474000432
E12,0.21131887616060743,0.6564675606659838,0.7498658275410717,-0.04622235794108766,0.08029799154346867,0.2985866841074927,2.0,0.0,0,,0.7498658275410717,1.435752269332372
F01,0.3030419032444335,0.6076873525120249,0.9348535290939017,0.45222993286227087,0.6963737439401771,0.8835793489820768,1.4,2.0,0,,2.9621762267889897,1.6612708471411386
F02,0.4094870727557787,0.49557599299884947,1.1746940402454036,0.5352805222130721,0.42751448364022165,1.121717551565541,1.4,2.0,0,,2.7774749941544945,1.4964818848115036
F03,0.7054055124275771,1.1148021473627927,1.6449293412261692,0.8494513954909078,0.9580121608768036,1.4272356555735934,1.4,2.0,0,,2.941414565950726,1.6271634411093556
F04,-0.02324360564715229,0.02502548888490033,0.5336541842059155,-0.1833247729956039,-0.35399879896951775,0.1355556861312053,1.4,1.4,0,,2.0116904939747684,0.949251366883088
F05,0.4371765069687533,0.6654499908190018,1.0946380862099963,0.6382659661261748,0.7441139347142921,1.121243244484436,1.4,1.4,0,,2.513006272945018,1.64824589175126
F06,0.47045597913056486,1.0193346017120468,1.885482969264109,0.41675859366342677,0.40576702463456277,0.9810422166275713,1.4,1.4,0,,2.0820502976146593,1.3001512211893167
F07,0.44313326084949156,1.1151072106797586,1.736561069880281,0.3981138526826286,0.7390981368296384,1.2659590330793487,1.4,0.7,0,,1.857344591182283,1.3115021765386916
F08,0.4879962175283588,1.0898793801761115,1.620680647769257,0.5427988091779935,0.6065897681362458,1.0783489050916477,1.4,0.7,0,,1.620680647769257,1.2330730782425532
F09,0.4651658623665108,1.0642006768171108,1.6868101173915568,0.5760590451897158,0.8913985697687322,1.3513033961875995,1.4,0.7,0,,1.8404131287389784,1.548227424513051
F10,0.3186064095528058,0.8392331652234786,0.8489557905413117,0.2387043672232187,0.27124440302685665,0.6138121200258251,1.4,0.0,0,,0.8489557905413117,1.2539042715004958
F11,0.3423719330879999,0.9809918175092743,1.1149871572163246,0.37681372429335785,0.6123646540269377,0.785163979850874,1.4,0.0,0,,1.1149871572163246,1.4687692468853986
F12,0.4387223376354796,0.8870288085700395,0.8870288085700395,0.6218404009274704,0.3664508664085283,0.8329973118906224,1.4,0.0,0,,0.8870288085700395,1.384220086669272
G01,0.049615681154719975,0.3202252400973043,1.2095914265050356,-0.07650955211119449,0.04484340990588512,0.9743394236869752,0.7,2.0,0,,2.6220320968584927,0.4289692422199097
G02,0.5574550110745111,0.17032865288360463,0.6050798223397926,0.5025963849050858,-0.09531945385511839,0.4452091658312308,0.7,2.0,0,,2.606536717898311,0.3312890486938399
G03,0.3512807826349991,0.8515383982265325,1.8144071226811567,0.17755069843234125,0.40461137500836697,1.680175865269927,0.7,2.0,0,,2.7726305165483973,0.4203266650002322
G04,0.33701639923703147,0.3774661332574497,0.8136741652758014,0.25584992154004627,0.09232486728015749,0.5113765607859713,0.7,1.4,0,,2.1564816252251764,0.3446613297419267
G05,0.16255955473419767,0.4852273410168284,0.8328229184495098,0.06845997613352675,0.3207707942046409,0.7406860012498412,0.7,1.4,0,,2.227278834025487,0.4111984155902364
G06,0.5194726285613309,1.003511117262451,1.5085902130719955,0.29957300061385944,0.19543238329643486,0.7063719634488284,0.7,1.4,0,,2.004591794696047,0.3676436851805432
G07,0.26609575015164333,1.0645663796671334,1.4655265006777989,-0.041223353249404425,0.3751299324475934,0.7705254594443602,0.7,0.7,0,,1.4655265006777989,0.3705626538597211
G08,0.8031419712388904,1.133980239046615,1.5091333616226754,0.7851077484088901,0.7578562757478301,1.204808593979049,0.7,0.7,0,,1.825659875579692,0.4653779209545294
G09,0.35750647159995286,1.2074677950051769,1.595950406651412,0.12602928247645195,0.508539997020124,0.7788220559216075,0.7,0.7,0,,1.595950406651412,0.3912423899600832
G10,0.4972963790937437,0.8666903153548788,0.8666903153548788,0.3568496272469358,0.41281381481639134,1.265450042132958,0.7,0.0,0,,0.8666903153548788,0.4836507452662758
G11,0.41102695837787173,0.93586213101138,0.93586213101138,0.2865556805874274,0.5314790760626914,0.9797008771471102,0.7,0.0,0,,0.93586213101138,0.5506946313038334
G12,0.4473172560248116,0.8368971535289577,0.8368971535289577,0.3255349835372843,0.3378585923412496,0.9155450883482003,0.7,0.0,0,,0.8368971535289577,0.4862093462897817
H01,0.31471586975653953,0.7107349223484717,0.9305425489772025,0.251050761894433,0.5358519747809957,0.7373846250230461,0.0,2.0,0,,2.726038710820759,0.0179395153344844
H02,0.07896868873811592,0.4450917008932379,0.7080526068688028,0.011853881037046815,0.33663892678191915,0.6643043884213269,0.0,2.0,0,,2.6600123554183215,0.0187863675827753
H03,0.33017544362328893,0.6711453970823389,1.003189999101558,0.26959614617365457,0.5327109353579051,0.9175854108723978,0.0,2.0,0,,2.721019830713355,0.0164877938425263
H04,0.07844841029060841,0.5913140519815367,0.861696751265304,0.007020334321522167,0.44221009224206415,0.7315877672248516,0.0,1.4,0,,2.221243419316176,0.0168507212290948
H05,0.1638672740041023,0.48485795237311036,0.6232808324062503,0.10012534590591746,0.38650987894652894,0.6138621003778701,0.0,1.4,0,,2.070489608174573,0.0161248684468482
H06,0.27955209493487443,0.8303740116593826,1.0410819207935833,0.14743021132567244,0.6812147442633217,1.0289630875964741,0.0,1.4,0,,2.225139374272386,0.0168507212290948
H07,0.2689722132605986,1.1692906383040502,1.5103705424482536,0.06045001861017021,0.470184145343364,0.7782977911882275,0.0,0.7,0,,1.5103705424482536,0.01503610420483
H08,0.3412588893176608,1.1245455441408552,1.4896373416869206,0.13788908471640712,0.6642879023441912,1.107820247827854,0.0,0.7,0,,1.5394699918140795,0.016245843357534
H09,0.29627538668366565,1.124052067317072,1.544250151554853,0.13773879647343418,0.5620990054330601,0.9575936455541021,0.0,0.7,0,,1.544250151554853,0.0176975595402992
H10,0.4309887893886412,0.8172617403850758,0.8172617403850758,0.15347023210995497,0.5323355777884659,0.8180293980724129,0.0,0.0,0,,0.8172617403850758,0.0155199972114943
H11,0.3584570049418288,0.8032506381343405,0.8032506381343405,0.15243877820785873,0.49604503222355123,0.8041407286130495,0.0,0.0,0,,0.8032506381343405,0.0157619450420322
H12,0.4420444310290484,0.7754383711936373,0.7754383711936373,0.2186063047927391,0.5271389821039639,0.7778756069919832,0.0,0.0,0,,0.7754383711936373,0.0156409710161598
