,chl1_init_no3,chl1_init_no2,chl1_no3_cons_25hrs,chl1_no2_cons_25hrs,chl0_init_no3,chl0_init_no2,chl0_no3_cons_10hrs,chl0_no2_cons_10hrs,chl0_no2_cons_20hrs,chl1_no3_minus_no2,chl0_no3_minus_no2,frac_chl0_chl1,chl1_log_no3_no2,chl0_log_no3_no2,frac_log_chl0_chl1
0,1.5376901096754825,2.4034385249141215,1.1027954269456166,0.6781315329739448,1.3776476508449476,2.03779283794952,0.5854646159651985,0.29440827910496015,1.941976075629589,0.4246638939716718,0.29105633686023835,0.6853804643906316,0.4862622618132363,0.6874382389157933,1.413719083098052
1,1.4621566016763534,2.1398544819180914,0.9378916657400964,-0.08988079787404597,1.3295683324851213,1.7552495770095031,0.41290026851259226,0.08742655820396845,1.6024365567383834,1.0277724636141423,0.3254737103086238,0.3166787609429637,,1.5524069770877547,
2,1.4854353649782757,2.135450145716297,0.8845212152269402,0.24554267815821088,1.5296375271259002,1.913994705667752,0.8260969721544663,0.6389101320790541,2.115117565020933,0.6389785370687293,0.1871868400754122,0.2929469915126087,1.28157572496038,0.2569483602198219,0.20049409115311193
3,0.7298560998062353,2.2314501598307124,0.7001893256287465,-0.0906789792384973,0.7805203249705897,1.941900225632214,0.6110035541677782,0.30269553472431004,1.8482636815960023,0.7908683048672438,0.30830801944346814,0.3898348404482098,,0.7023753116932483,
4,0.8044077561365909,2.202778778328345,0.8044077561365909,0.2430339787928842,0.8305849464395526,1.9545783332199769,0.6550746129945854,0.21308468560784752,1.8301751314592398,0.5613737773437066,0.4419899273867378,0.7873362547822128,1.1969050360024083,1.1230594704096797,0.9383029034288565
5,0.7621949467104855,2.059288829791887,0.7419922831487046,0.11086614394551438,0.7888826541262519,1.886956220543399,0.4453769819523752,0.2812073745370773,1.5672551396423302,0.6311261392031902,0.1641696074152979,0.260121705024871,1.9010152798276347,0.4598286891604234,0.24188584596864268
6,0.1544173693775519,2.2590335280968943,,0.01858592765714211,0.2564899407024537,1.8672341375319876,,0.04317020186227315,1.4882557009020274,,,,,,
7,0.0892808996652458,2.300128909360545,,0.027299376633753827,0.1126940285564928,1.9595772680387755,,0.2036241653905099,1.6888781881542483,,,,,,
8,0.0912749589785141,2.347274801910798,,0.08105353047618351,0.2046131468734352,2.036815955177213,,0.1546087471530249,1.609021500403458,,,,,,
9,1.9814823597132385,1.5201335087932368,1.0702991464118654,0.2617523609549545,1.9550071106389757,1.5648952168205614,0.40242334053561646,1.0723364398390385,2.7507069705801652,0.8085467854569108,-0.669913099303422,-0.8285396854615571,1.4082945948725156,-0.9800905151031959,-0.6959414022262278
10,1.9534390523776377,1.48688898163268,0.7830029530366024,0.17063619284569717,2.050469526628003,1.5300504318350452,0.5645577903486191,0.4986780987210337,2.379365787628063,0.6123667601909052,0.06587969162758539,0.10758208301026563,1.5236027045391607,0.12408195790324682,0.0814398383079646
11,2.0814409168116783,1.449558900787098,1.0378502237060534,0.20494651919696766,1.8711778278956104,1.3627977822762702,0.2494407730341094,0.31352697319339823,1.8100934226309986,0.8329037045090857,-0.06408620015928884,-0.07694310856386612,1.622157697023707,-0.2286638908832168,-0.14096279991936875
12,1.5203778634429768,1.4959536177081405,0.8384767066030809,0.18092969282776414,1.465327256643158,1.38788249922642,0.5183041710227951,0.3649376305498783,2.1826665837419585,0.6575470137753168,0.1533665404729168,0.23324041819057217,1.5334782826473066,0.3508358088942724,0.2287843348447101
13,1.48441465814123,1.4209447551043892,1.029453202671694,0.1902940469184382,1.3247475551078671,1.151611765909463,0.35888452080402283,-0.15136040874901605,1.5382072659238248,0.8391591557532558,0.5102449295530389,0.6080430941553953,1.6882125778709745,,
14,1.4669240649700437,1.5044153336011288,0.8699085589297254,0.27421631833772164,1.525275873063196,1.4586172026854516,0.5745826896297271,0.28885850513380834,1.589972522610258,0.5956922405920038,0.2857241844959188,0.47965067366323894,1.1544708235515777,0.6877070535371256,0.5956902846808074
15,0.8031396943554916,1.646652053842144,0.8031396943554916,0.30212898801265176,0.7754710957475652,1.3017029866982766,0.5256846856933973,-0.16728502902766915,1.3424276139651221,0.5010107063428398,0.6929697147210665,1.3831435255734232,0.9776746255770591,,
16,0.869043286438414,1.5573919856491756,0.869043286438414,0.2135918904052826,0.978345047287327,1.6227782000844402,0.5904176742235369,0.40236407431211496,1.941304124537767,0.6554513960331314,0.1880535999114219,0.28690700950450987,1.4033257957087615,0.38347287260212437,0.2732600467936586
17,0.8808904227669514,1.6626547400532408,0.8202568204005731,0.28987807350564615,0.7614916515419532,1.4209447551043892,0.6129322478950789,0.4355064629682025,1.7041763033616866,0.530378746894927,0.17742578492687644,0.33452657363366434,1.040157088448229,0.3417447678484369,0.3285511117924245
18,0.0068588176034953,1.6285941934574455,,-0.0009812172273726495,0.1454802730613175,1.580389099919263,,0.4083012370788509,1.6049906707466701,,,,,,
19,0.1171170315470124,1.5883798935568558,,0.008678779857651338,0.0931432866237474,1.5173522637753845,,0.33300409392228614,1.420068709447245,,,,,,
20,0.0755118057516379,1.6008527690905767,,0.0948001817065363,0.1754739467809091,1.6076353637975014,,0.4264208835639442,1.5481790225581173,,,,,,
21,2.172429298103145,0.6815649052317139,1.2525453997913019,0.3896581796770655,1.8296462182906548,0.591871003051599,-0.06166089332650326,0.29230772600619376,1.4159431507784508,0.8628872201142364,-0.353968619332697,-0.4102142331947339,1.1676631872009888,,
22,2.169479851708826,0.729446511816426,0.8951618813398885,0.2849154243749384,1.8521679636484008,0.6495483349879844,0.09637026495214734,0.1983117062319948,1.3117515825834463,0.6102464569649502,-0.10194144127984744,-0.16704962415816615,1.1448121952762274,-0.721642367542065,-0.6303587352753023
23,2.123706765860681,0.6851366987664758,0.7727830409384047,-0.04659347090304478,1.9569770579783452,0.6312276512306848,0.30823906315011346,0.15258737709350242,1.1324234955290449,0.8193765118414494,0.15565168605661103,0.1899635684049604,,0.7031382644476897,
24,1.6679906333221894,0.7512573916921562,0.890976140320408,0.1186891028374977,1.4014944430538556,0.5922275817060589,0.20679979915420582,0.5752639995420099,1.6750960503706451,0.7722870374829103,-0.3684642003878041,-0.4771078400962514,2.0158101554037753,-1.0230778936419664,-0.5075269071838958
25,1.6537991122599336,0.6918046766073214,0.8879629621117515,0.1537299000744211,1.4324210311804972,0.6039959915040782,0.44921837930173025,0.3724042517647958,1.6275039215060756,0.7342330620373304,0.07681412753693445,0.10461818121318679,1.7537328658714197,0.18752917512246495,0.10693143680653026
26,1.647864332267761,0.7740311297867071,0.9595734994850782,0.30822877140392296,1.3099089651978617,0.5935350568108354,0.4832175741982218,0.26011005157307915,1.5207873175097273,0.6513447280811553,0.22310752262514266,0.3425337045137552,1.1356466428152652,0.6193621996616666,0.5453828473672667
27,0.9056237978037016,0.7841691221163148,0.9056237978037016,0.18521351497270308,0.8659616524381255,0.6094650098575666,0.46516885282791265,0.3589992662462314,1.3005853565487744,0.7204102828309985,0.10616958658168124,0.14737378006941584,1.587114691033004,0.25908011943093767,0.1632396958422144
28,0.969033710776917,0.7842884039218284,0.969033710776917,0.17548796371708852,0.9759480652439348,0.6766838347059503,0.87548366612252,0.5382832399375735,1.5555743798846986,0.7935457470598285,0.3372004261849465,0.4249287800159096,1.7087289427836994,0.4863916050128207,0.2846511186381835
29,0.7873214379482845,0.9196040771784612,0.7873214379482845,0.11955622496893653,0.8540587255631348,0.6220696291355161,0.35442459950736965,0.562495015725151,1.3547173464410138,0.6677652129793479,-0.20807041621778138,-0.3115921766715578,1.8848498369742637,-0.4618866450816967,-0.2450522243316529
30,0.102076175055726,0.8185331589032773,,-0.052469405248422044,0.1929070498712054,0.6907329819757777,,0.6554419161355324,0.8737624406249196,,,,,,
31,0.2199865188520934,0.7501845199907019,,-0.006257565877942749,0.0887056708323359,0.7828570396141109,,0.7079161930187584,0.8616851192243833,,,,,,
32,0.2020106615465829,0.7656836210260274,,0.002644739826576651,0.2740259264546429,0.6585919926677509,,0.6014707386960697,0.9227403279003303,,,,,,
33,2.2167799195579145,0.0183150045728738,0.7597350189571477,0.08388642379244067,1.8378602907080328,0.0098472664944873,0.07569431825353334,0.07213281551942406,1.0024017858425478,0.675848595164707,0.0035615027341092814,0.005269675426700161,2.2035059269923156,0.04819402181831974,0.02187151903153824
34,2.3040052277324157,0.0163155596676323,0.9893926453845765,0.32220653066880695,1.4102528979320386,0.0110232630826784,0.7111089946063879,0.7056002428860516,1.349449616406353,0.6671861147157696,0.005508751720336269,0.00825669419496698,1.1218985258282441,0.007776866753561601,0.006931880713382978
35,2.2362187546068153,0.0149042306636099,0.808585103598064,0.01240726454355564,1.8887321974762952,0.0131401204596788,0.08039911789537699,0.07831238051494137,1.0729579266656464,0.7961778390545083,0.0020867373804356187,0.0026209438118922016,4.177003783221558,0.0262974977660335,0.006295780212521445
36,1.7498092771266442,0.0098472664944873,1.0042157858474208,0.2350284807663384,1.6627171380245134,0.0098472664944873,0.5899590561694941,0.5848538607417225,1.4105808003265914,0.7691873050810824,0.005105195427771547,0.006637129076426181,1.4522555017501646,0.008691132842781035,0.0059845756014055675
37,1.7267958158154113,0.0124344922595439,0.9359511893990206,0.12105193294439658,1.336860987947308,0.0105528614228615,0.2507716780016972,0.24815250979288245,1.0995984219010528,0.814899256454624,0.0026191682088147483,0.0032141006241801513,2.0453436756346157,0.010499359756526118,0.0051332985657133855
38,1.8196153773007735,0.0116112708286248,1.1692767524633578,0.2987546627712944,1.5221867877630162,0.0098472664944873,0.5965510434654917,0.5936997564775268,1.3960033412805288,0.8705220896920633,0.002851286987964885,0.003275375802322826,1.3645179656376465,0.004791078388250127,0.0035111874734542105
39,1.0517118254091664,0.0131401204596788,1.0517118254091664,0.2176408680434838,0.8546341346081148,0.0106704614597519,0.4616978616258176,0.4575621368193069,0.8552886864214606,0.8340709573656826,0.004135724806510699,0.004958480774313149,1.575328115505472,0.008998004301790112,0.005711828674436464
40,1.036252920508563,0.0144337957297972,1.036252920508563,0.2248800499937272,1.039367119943136,0.0098472664944873,0.6823430527068289,0.6743244167310273,1.0378238990832844,0.8113728705148359,0.008018635975801658,0.009882800210849592,1.5277993758779789,0.011821215639059917,0.007737413580409818
41,1.0177763304982257,0.0121992848760954,0.9033284265131597,0.21593426534092022,0.8437310798480882,0.0098472664944873,0.4945626460867844,0.48719120251556997,0.8434567464142458,0.6873941611722395,0.007371443571214442,0.01072375063332461,1.431112159044734,0.015017169756657258,0.010493356276618602
42,0.2961199909329377,0.0144337957297972,,,0.312108452066156,0.0109056622896432,0.2106806445664357,0.20950928906767766,0.3029875984045446,,0.0011713554987580477,,,0.0055753764632445295,
43,0.302782599174865,0.0106704614597519,,,0.2750682946967977,0.0098472664944873,,,0.271475183219462,,,,,,
44,0.3074795126890607,0.0134929379628164,,,0.2598573607649287,0.0098472664944873,,,0.25982703603735247,,,,,,
