Nitrite_input,Nitrate_input,Chloramphenicol,no2_half_life_mean,no3_half_life_mean,no2_half_life_var,no3_half_life_var
1.4,2.0,0,30.704607065829848,27.12249083227626,3.0982841612432805,62.64278307885889
0.7,2.0,0,25.663731733200226,28.617047843218714,16.75243555376646,87.36946343189679
0.0,2.0,0,30.59942070030051,30.660139360657965,0.2787368041516616,0.2556290124966961
2.0,1.4,0,32.61404475918183,27.422540512001316,7.052330814727896,9.817403284289853
1.4,1.4,0,28.35072046969525,24.95410981533452,15.653382583251037,76.15434637195293
0.7,1.4,0,21.239885769612375,21.906372606332052,4.442487800668136,38.34905054893447
0.0,1.4,0,26.137890546156203,26.18721282313865,2.6225980678482252,2.7322447912196592
2.0,0.7,0,24.226313948130265,15.044705634846006,1.122456527240597,5.068376126638767
1.4,0.7,0,22.73537361883265,12.387631578948353,3.5921307336229993,0.8365354328770395
0.7,0.7,0,16.398970204167426,14.071466474102037,1.389431649001156,13.35342340427285
0.0,0.7,0,13.436565459010993,12.880934757085031,7.262728521104882,10.370174445694545
2.0,0.0,0,22.28298774106483,10.932071482286302,1.0341117323621574,5.648275392664217
1.4,0.0,0,17.54032493468168,7.9386508595596466,0.4419384421266481,2.627530780527697
0.7,0.0,0,11.687171120843544,5.999351344654284,0.9476778642589508,7.025198270117614
0.0,0.0,0,7.559133374371341,6.451952875262133,2.36572740803491,5.503889247729239
