row_label,no2_half_life_reciprocal,no3_half_life_reciprocal,Nitrite_input,Nitrate_input,Chloramphenicol,Sample_type
E04,0.0370055944313561,0.060918312427046234,2.0,1.4,0,
E05,0.03788399274861685,0.03842743291456815,2.0,1.4,0,
E06,0.03797315016283989,0.07743756521621525,2.0,1.4,0,
E07,0.03419943865074388,0.06612571970440287,2.0,0.7,0,
E08,0.03569827714900811,0.044507297854067006,2.0,0.7,0,
E09,0.03687224523311997,0.04449971828191865,2.0,0.7,0,
E10,0.044565071828026756,0.060647148390120205,2.0,0.0,0,
E11,0.04096241679949641,0.05974005201710288,2.0,0.0,0,
E12,0.0484914958209273,0.09290972350817846,2.0,0.0,0,
F01,0.033651633202394914,0.06428530850016588,1.4,2.0,0,
F02,0.03057600379907513,0.05010994325635131,1.4,2.0,0,
F03,0.03404208796412035,0.06378135499356928,1.4,2.0,0,
F04,0.038363997817323615,0.06177330639755644,1.4,1.4,0,
F05,0.041876062890677974,0.0662198882589375,1.4,1.4,0,
F06,0.03596146570379104,0.06425516380414553,1.4,1.4,0,
F07,0.04510829673418619,0.08493957340492027,1.4,0.7,0,
F08,0.0424897540167724,0.04432615533000468,1.4,0.7,0,
F09,0.046051241253366744,0.04449637932125706,1.4,0.7,0,
F10,0.0503127600564035,0.09417395439190403,1.4,0.0,0,
F11,0.04670677282164333,0.062225036148307954,1.4,0.0,0,
F12,0.04169566101475563,0.05317361169416161,1.4,0.0,0,
G01,0.04005516627430558,0.06453617587672655,0.7,2.0,0,
G02,0.04653683847847376,0.03910879780129446,0.7,2.0,0,
G03,0.038964450103406136,0.06802709119263955,0.7,2.0,0,
G04,0.04836866326803912,0.078650795344285,0.7,1.4,0,
G05,0.04973998896148654,0.03939706760303264,0.7,1.4,0,
G06,0.05015130419653518,0.07637934441726724,0.7,1.4,0,
G07,0.05645657296367808,0.11763470494120373,0.7,0.7,0,
G08,0.06023564599570373,0.055605639814931135,0.7,0.7,0,
G09,0.05328030086683755,0.048275551309565304,0.7,0.7,0,
G10,0.07535737278360402,0.1657172004519861,0.7,0.0,0,
G11,0.0630247245805081,0.06916202177336411,0.7,0.0,0,
G12,0.06458818511855483,0.07416425678477347,0.7,0.0,0,
H01,0.052598200684416195,0.06639773132256077,0.0,2.0,0,
H02,0.04854644237868581,0.05633825795601868,0.0,2.0,0,
H03,0.04795833987749609,0.05891170779160396,0.0,2.0,0,
H04,0.05979962247727637,0.07259507710605334,0.0,1.4,0,
H05,0.056226204624618345,0.05631039598362927,0.0,1.4,0,
H06,0.05694946243524996,0.05703366389884804,0.0,1.4,0,
H07,0.06678066969741919,0.11567202810366686,0.0,0.7,0,
H08,0.08492171574524193,0.10364691925516736,0.0,0.7,0,
H09,0.07185526412359886,0.07518235320862307,0.0,0.7,0,
H10,0.10960565931753287,0.2672259792660421,0.0,0.0,0,
H11,0.1219433400367352,0.16025912606154633,0.0,0.0,0,
H12,0.12092608979208933,0.12994207405701821,0.0,0.0,0,
