Nitrite_input,Nitrate_input,Chloramphenicol,no2_second_coef_mean,no2_first_coef_mean,no2_zeroth_coef_mean,no2_rate_first_half_mean,no2_rate_second_half_mean,no3_second_coef_mean,no3_first_coef_mean,no3_zeroth_coef_mean,no3_rate_first_half_mean,no3_rate_second_half_mean,no2_second_coef_var,no2_first_coef_var,no2_zeroth_coef_var,no2_rate_first_half_var,no2_rate_second_half_var,no3_second_coef_var,no3_first_coef_var,no3_zeroth_coef_var,no3_rate_first_half_var,no3_rate_second_half_var
1.4,2.0,0,0.49832910275683334,35.0575967535942,-55.00907600303856,50.33352026771953,79.6117487847851,0.023762574248066676,38.115538879238166,-89.77578725406823,38.36937784599757,44.51753022251646,0.004497785770579647,16.877341422224454,11414.950132025979,2.170411012074278,11.547111195412425,0.2244859747932743,1117.4661656307928,4346.445251330728,210.36737999201458,105.51734099474282
0.7,2.0,0,0.17521375146909157,45.674738670950696,-75.94061302059967,48.82909323776983,60.8606156380912,0.06839140872970001,32.3797837949915,-18.3284585001491,36.63265420934387,38.61515865248723,0.04737563905059403,108.11909239258934,9019.232796373954,75.22607721717317,159.7023397707887,0.2175672078083866,796.4880111412208,6401.641226799605,163.22468968731982,302.51882413203026
0.0,2.0,0,0.47659897401283335,13.664831265276732,98.48532532474871,33.9940325069177,57.6340935114331,0.4846476210719,13.080080623698267,110.88973068585453,34.03371771511476,57.73788144168336,0.05885427057070056,267.10033591978987,4416.816470626856,63.74310057791814,73.84941415116495,0.05891136840110797,264.32630201826703,4256.014740765985,64.23260373393576,74.0814720739236
2.0,1.4,0,0.5631081932836667,29.679637291076563,-79.4793819360618,48.631022769977534,83.50842124600747,1.2609043610405,10.092668089742835,-74.41295330565636,36.68429609160734,82.57766214801093,0.07246385553644598,181.1018670116616,521.6873889958841,13.214673086862964,151.2988080882364,0.05452851088355364,110.33091428392987,370.042343296929,19.269034531563765,14.567981154926418
1.4,1.4,0,0.6311691447963,27.131118682480963,-177.19077613252406,43.33686807522324,81.30003497440913,0.06919756141183332,36.0598566708874,-189.66594001895268,30.4649527940379,37.56434270999917,0.0707439786503328,113.52463467257986,12370.218186422262,1.8256842346757562,172.63486029284815,0.23144313385706713,149.48029784688953,610.9926887593363,0.3428148337303466,444.72281222049867
0.7,1.4,0,0.36729966984199997,40.081049270709094,-139.9763461815978,45.46175350050606,67.23021178359396,0.2079365031607333,26.889175543003464,-16.528167484345634,32.3030714585209,43.12546051375467,0.10288276941421451,108.73573017987106,2565.502798408969,4.811399615862881,196.9450557468049,0.0037069855235040555,34.803532109586676,6325.506129968947,12.017093317050605,1.8843792657996545
0.0,1.4,0,0.4151708864360666,23.846673726183766,30.920914994175632,36.137787253017564,53.46543808995423,0.4293133530024,22.701100958087565,52.56895092168903,36.16345793776773,53.32264578325,0.04003497412870538,21.67299258983795,99.40650775081166,2.056621375323349,66.4602023557301,0.041407437620394144,25.383251512670792,108.39410833978745,2.142971004377163,62.735931409135254
2.0,0.7,0,0.9276407614492334,14.7102575969818,-40.8261683647427,46.1008119057448,95.1714656058776,1.8739333724260003,-0.8541835089198008,-12.2446206004402,34.7948283202828,83.51410697636987,0.004895167489347167,146.79301633104083,2248.43724644753,58.71651340104682,23.923283831447833,0.8933224142518192,1008.6875938460304,2480.3854641019507,169.3888806904711,229.9103646788103
1.4,0.7,0,0.9867496562263334,11.3850129247096,-133.8960533577092,38.31658506556463,87.0085283895696,1.2643502949632668,3.063229244836702,-110.81454759157329,23.331966959205868,61.2302280307068,0.2375436797657296,300.50063734171846,4247.658565775963,1.2802307924658725,295.0241400119169,2.691591606760979,1194.4122801488265,3571.202378889371,5.246013472770504,1274.1365663050979
0.7,0.7,0,0.0772331912614408,51.9074308006212,-68.2699656058133,50.09647401599807,55.158683943194696,-0.4649379928060667,49.67393786423693,44.36126866053663,45.13214405098137,15.095047820975433,0.13115395134288066,47.537153543840006,851.2587625073065,6.716201991796036,207.26743927318114,0.0754128676973868,120.0046737333029,1222.9591530482717,35.411646450848124,177.94834472507662
0.0,0.7,0,0.36975066956260005,27.902335019338967,54.10833435001163,38.08560130118307,48.37536836647056,0.3746448527684667,27.491646777385032,60.750255943979674,38.09893250880983,48.2419778916709,0.03713128208346836,67.06167282428952,21.067546332006884,23.58828874873658,19.57345172461125,0.03886096163884075,72.79150031282822,49.520972400454745,23.5452212295857,18.990551120863316
2.0,0.0,0,0.8926531939194774,26.075863518287196,-67.153310019882,47.550454559282464,86.0220229295025,0.0645111403780334,42.66557989537497,-9.8954343434277,42.0819428259988,40.83438743750816,0.6586732060530716,568.4472773611773,11155.351343589684,14.896561108148553,720.9541148556884,2.10852408682743,472.3476466375933,649.2374614195791,52.98993716542605,224.18184411762644
1.4,0.0,0,-0.4149786648716667,69.31069114899715,-189.01110283902187,51.97028865965257,42.45335898319907,-0.5265271176640667,42.414848728085396,-43.682511644241536,33.8762710773454,21.8485348156792,0.02617987769243634,57.57737683466131,7368.2529060832485,65.09054794398017,6.845870492222267,0.06346895198734816,154.27907623175957,2682.160084163525,228.68370532062272,94.85243864714252
0.7,0.0,0,-0.14162562084673339,49.60816013515977,-77.2429755272292,45.663250493245634,43.40865624705706,-0.4682288295722667,42.70441387185667,1.3733322466754008,40.8003777654015,32.5397914187829,1.3407981993457214,1624.7851557478175,3804.418293485285,229.98595850436195,417.9058910277954,0.38809732708161304,566.4947297789246,968.5385597687757,352.0622476472881,16.080033307674764
0.0,0.0,0,-0.1635782505916,33.07031328269597,-13.407132883879635,30.200026206828102,23.2902622294004,-0.16189785198599999,32.72947735202047,-6.76856719117387,30.410777673994,23.072479465554068,0.16837281817457042,58.49489139456393,4905.135525349872,16.998995372824684,115.89789029204644,0.1598786530538845,55.44760304301236,5096.8293519494855,17.535810354452114,110.0491725539657
