row_label,no2_half_life,no3_half_life,Nitrite_input,Nitrate_input,Chloramphenicol,Sample_type
E04,18.744331754886247,10.726294796172311,2.0,1.4,0,
E05,19.62439665625423,12.073314210455473,2.0,1.4,0,
E06,18.082479932549333,9.422753110072927,2.0,1.4,0,
E07,17.997607648435203,7.059739297486159,2.0,0.7,0,
E08,18.26837337275185,6.961506707027232,2.0,0.7,0,
E09,18.77737775913086,9.360237521005422,2.0,0.7,0,
E10,17.56761960573179,1.9733352388741046,2.0,0.0,0,
E11,14.482492756267352,3.6483375928320654,2.0,0.0,0,
E12,17.212556082708158,1.9845066678217909,2.0,0.0,0,
F01,13.288289320983603,17.7072992613307,1.4,2.0,0,
F02,17.03002847901514,13.073491650958877,1.4,2.0,0,
F03,18.274694237938768,23.884344467081508,1.4,2.0,0,
F04,15.975281289127837,11.97234055894913,1.4,1.4,0,
F05,18.283759615309474,12.57496817676633,1.4,1.4,0,
F06,19.234556785192584,11.320197135486032,1.4,1.4,0,
F07,18.484018858109483,8.933855336575133,1.4,0.7,0,
F08,16.521790270610733,9.133688895855274,1.4,0.7,0,
F09,15.37712882133515,7.044082716073696,1.4,0.7,0,
F10,12.529270684232124,1.1931586375860577,1.4,0.0,0,
F11,12.977366806422063,1.653142327252679,1.4,0.0,0,
F12,13.172559295811991,1.2963967823957459,1.4,0.0,0,
G01,17.46507884782193,20.78634864090882,0.7,2.0,0,
G02,19.142789788706757,22.66527258387335,0.7,2.0,0,
G03,21.6474243026303,24.965392747752745,0.7,2.0,0,
G04,13.120546518096429,15.487869102447709,0.7,1.4,0,
G05,14.675901985985604,15.896424782685141,0.7,1.4,0,
G06,14.728145352283487,11.498959028940998,0.7,1.4,0,
G07,12.70270965953658,9.256388652899375,0.7,0.7,0,
G08,12.610724081203417,5.830794853739753,0.7,0.7,0,
G09,11.035826232609766,11.24595561438184,0.7,0.7,0,
G10,8.137725957110769,1.4327777988370891,0.7,0.0,0,
G11,7.175660937097238,4.171811841956379,0.7,0.0,0,
G12,8.806620648781658,2.341816970802984,0.7,0.0,0,
H01,19.01130646165716,18.947680152430586,0.0,2.0,0,
H02,9.905885031394032,9.846220201102387,0.0,2.0,0,
H03,18.86280671199044,18.84977775956315,0.0,2.0,0,
H04,12.464559232710366,12.444119334157541,0.0,1.4,0,
H05,13.879445219630275,13.853346999331029,0.0,1.4,0,
H06,11.32214100987848,11.32282750810742,0.0,1.4,0,
H07,9.565606279145346,9.501640054658553,0.0,0.7,0,
H08,8.318669404010704,7.91998657621661,0.0,0.7,0,
H09,9.283176541207421,9.182522783661604,0.0,0.7,0,
H10,2.7744712681773382,2.3096609911378994,0.0,0.0,0,
H11,3.90828846043456,3.628067148899467,0.0,0.0,0,
H12,3.7530501425955816,3.444699101237738,0.0,0.0,0,
