,no3_rate_early,no3_slope_early,no3_intercept_early,no2_rate_early,no2_slope_early,no2_intercept_early,no3_rate_late,no3_slope_late,no3_intercept_late,no2_rate_late,no2_slope_late,no2_intercept_late,Nitrite_input,Nitrate_input,Chloramphenicol,Sample_type
A04,0.02486581391987022,-0.02486581391987022,2.0729107897688053,0.00446043235668522,0.020405381563185,1.647188831545173,0.011688508334854929,-0.011688508334854929,1.90658827567535,0.012917876069084627,-0.0012293677342296977,2.3901269198206108,2.0,1.4,1,
A05,0.02029846922468269,-0.02029846922468269,1.8990874086074137,-0.01903769962188047,0.03933616884656316,1.8046255008845755,0.015644039677725586,-0.015644039677725586,1.722705111063549,0.017011300389269717,-0.001367260711544132,2.809920195800615,2.0,1.4,1,
A06,0.030069249918139276,-0.030069249918139276,1.9960835833394712,0.0008992471781084366,0.02917000274003084,1.7807258333829397,0.014632463760818323,-0.014632463760818323,1.671168487385365,0.01635039654604291,-0.0017179327852245856,2.797687038452396,2.0,1.4,1,
A07,0.0407347324172438,-0.0407347324172438,1.489435032807532,0.023927995309938103,0.016806737107305694,1.900898641079543,0.0034840928552424353,-0.0034840928552424353,0.4344512380710799,0.0024233219432083742,0.001060770912034061,2.5589665017081895,2.0,0.7,1,
A08,0.024947283355583116,-0.024947283355583116,1.5203428138905004,0.0012082108052747613,0.023739072550308354,1.7780977758636698,0.008968238171275872,-0.008968238171275872,1.2056369007303585,0.017853975201166893,-0.008885737029891021,2.939854715836054,2.0,0.7,1,
A09,0.01768832088359509,-0.01768832088359509,1.3096817039159498,-0.012048571024729643,0.029736891908324733,1.6609533687825595,0.005553199324599634,-0.005553199324599634,0.7733517844789011,0.01209792497655544,-0.006544725651955807,2.6737806988555186,2.0,0.7,1,
A10,0.035465179194231,-0.035465179194231,0.8623594809538445,0.01347529647904595,0.02198988271518505,1.519213567108459,,0.0,0.0,-3.3580743695945076e-06,3.3580743695945076e-06,2.155115953573039,2.0,0.0,1,
A11,0.0320767811235408,-0.0320767811235408,0.5894202037685933,0.00518942833441649,0.02688735278912431,1.8728753039839927,,0.0,0.0,-0.004548791483213227,0.004548791483213227,2.2615359357897704,2.0,0.0,1,
A12,0.04279978114737321,-0.04279978114737321,0.7750496971365679,0.01815020559114818,0.02464957555622503,1.498537046007918,,0.0,0.0,-0.003464755112792128,0.003464755112792128,2.1019600413140713,2.0,0.0,1,
B01,0.031300502047298596,-0.031300502047298596,2.672450393326314,0.014811041231674395,0.0164894608156242,1.4241991154069165,0.011277463100127587,-0.011277463100127587,2.42189296662598,0.010610556423734338,0.0006669066763932484,1.870242626132051,1.4,2.0,1,
B02,0.03084938554179015,-0.03084938554179015,2.9047807870790447,0.019858932123997464,0.010990453417792687,1.347403039692905,0.02304863450144811,-0.02304863450144811,3.280394063984158,0.022185006680561226,0.0008636278208868857,1.7699743498888074,1.4,2.0,1,
B03,0.025715761266862765,-0.025715761266862765,2.699140785318983,0.0007479454281788013,0.024967815838683963,1.3806623320375428,0.015452139334023311,-0.015452139334023311,2.5644125674457685,0.013747273660834003,0.0017048656731893082,1.9914899987502679,1.4,2.0,1,
B04,0.027820442370518828,-0.027820442370518828,2.334707930450646,0.012938599222382047,0.014881843148136781,1.3037592481964586,0.01121623373746441,-0.01121623373746441,1.9186110518188717,0.011756707894791352,-0.0005404741573269424,1.9803061252512146,1.4,1.4,1,
B05,0.03163823461787696,-0.03163823461787696,2.1879870438399003,0.01484430242820196,0.016793932189675,1.2936819987110078,0.009933476819943898,-0.009933476819943898,1.7125332314679924,0.010371471837189627,-0.0004379950172457293,1.9436591391742388,1.4,1.4,1,
B06,0.038801375162583925,-0.038801375162583925,2.236327891762479,0.019976754121037204,0.01882462104154672,1.3638247338885805,0.017183051261385394,-0.017183051261385394,2.068284901397549,0.02355367451818094,-0.006370623256795546,2.433064174381865,1.4,1.4,1,
B07,0.02562927363508415,-0.02562927363508415,1.4276506260456008,-0.0022701846524881865,0.027899458287572336,1.25162575645761,0.011266500972804386,-0.011266500972804386,1.1416998754038659,0.018136374182826306,-0.00686987321002192,2.2410630495702053,1.4,0.7,1,
B08,0.03523323025528922,-0.03523323025528922,1.664942130882195,0.020120443162247086,0.01511278709304213,1.1782348634502138,0.012077664670826634,-0.012077664670826634,1.2612556914993007,0.016889820821739024,-0.004812156150912389,2.1022591572426927,1.4,0.7,1,
B09,0.02504890412288414,-0.02504890412288414,1.6461610584819986,-0.012164050827732639,0.03721295495061678,0.9558612306561678,0.011980555407570936,-0.011980555407570936,1.283225215471896,0.013698984258635553,-0.001718428851064618,1.9719800535305267,1.4,0.7,1,
B10,0.03985295003821803,-0.03985295003821803,0.8846623565441247,0.008666375972078186,0.031186574066139845,1.2492265203169455,,0.0,0.0,0.0014874851773716282,-0.0014874851773716282,2.2153794382088505,1.4,0.0,1,
B11,0.033339627237637906,-0.033339627237637906,0.9691942941670927,-0.010186029136130821,0.04352565637376873,0.9321668255416846,,0.0,0.0,0.0008180878760666768,-0.0008180878760666768,1.986556974257958,1.4,0.0,1,
B12,0.036588529779049826,-0.036588529779049826,0.8063083448375785,0.017839568413048238,0.018748961366001588,1.3292704582725827,,0.0,0.0,0.0016847058961427606,-0.0016847058961427606,2.125794929761702,1.4,0.0,1,
C01,0.030906547726900588,-0.030906547726900588,2.996893183898612,0.00777439806201476,0.023132149664885828,0.34359833296143993,0.0174016887964723,-0.0174016887964723,2.896383347557933,0.016039074817016687,0.001362613979455611,0.9754189475860251,0.7,2.0,1,
C02,0.03155851397056556,-0.03155851397056556,3.017233626736941,0.007733808902314357,0.023824705068251205,0.32314539249039975,0.011599233358395838,-0.011599233358395838,2.4978022099679267,0.009161957874186187,0.0024372754842096503,0.9824698066701317,0.7,2.0,1,
C03,0.03406157248829492,-0.03406157248829492,3.1193689285295583,0.00565420917934879,0.028407363308946127,0.27507723219402525,0.02945133906154666,-0.02945133906154666,3.5351300003043122,0.03476119612854502,-0.005309857066998361,1.4072995761639575,0.7,2.0,1,
C04,0.03250905648255913,-0.03250905648255913,2.2978200205570256,0.006660110460959101,0.025848946021600032,0.2573868199691869,0.01402799204810819,-0.01402799204810819,1.894047789254206,0.007947626946997003,0.006080365101111188,0.8170537707957591,0.7,1.4,1,
C05,0.03650332427779777,-0.03650332427779777,2.4284078032250926,0.009139991677836634,0.027363332599961133,0.29635772328980425,0.024591255093769315,-0.024591255093769315,2.5888561371699357,0.03080307991720208,-0.006211824823432763,1.4557172506946037,0.7,1.4,1,
C06,0.03289675846243045,-0.03289675846243045,2.3155280661011064,0.007893041919599626,0.025003716542830828,0.34301148546602256,0.011856971947929089,-0.011856971947929089,1.8807501322691076,0.007372495500443397,0.004484476447485691,0.9029504596370527,0.7,1.4,1,
C07,0.03582373551215156,-0.03582373551215156,1.6290469124092963,0.005145355602361467,0.030678379909790093,0.31770999987760506,0.011121178953600833,-0.011121178953600833,1.1427777221380802,0.01688052886384747,-0.005759349910246639,1.4928069573895266,0.7,0.7,1,
C08,0.031066848031803856,-0.031066848031803856,1.5475940893021425,0.001053212239301892,0.030013635792501964,0.35064365938867775,0.006653668443319257,-0.006653668443319257,0.9099893850168372,0.0031209551755079007,0.0035327132678113563,1.0721508121635996,0.7,0.7,1,
C09,0.0338326921268143,-0.0338326921268143,1.732909848957937,0.0038335575655185743,0.029999134561295725,0.28784855675301646,0.011219755045442406,-0.011219755045442406,1.2095342251727401,0.012963729732241976,-0.0017439746867995696,1.2171304715044138,0.7,0.7,1,
C10,0.04170407204025831,-0.04170407204025831,1.042779128113453,0.009983812558841378,0.031720259481416935,0.2719448003577953,,0.0,0.0,-0.0045387527545862885,0.0045387527545862885,0.8979077132950186,0.7,0.0,1,
C11,0.03427766573311849,-0.03427766573311849,0.9402425181389041,0.0043330397662779616,0.029944625966840527,0.34576980683867176,,0.0,0.0,0.007500319920373406,-0.007500319920373406,1.5605780482390084,0.7,0.0,1,
C12,0.04484597204466606,-0.04484597204466606,1.0144239720530153,0.0016553507840294385,0.04319062126063662,0.3328069926441731,,0.0,0.0,0.0021788000937409606,-0.0021788000937409606,1.608008938160159,0.7,0.0,1,
D01,0.0033633983414165613,-0.0033633983414165613,2.4812907766470715,-0.0175421522799932,0.020905550621409762,-0.012230479333640576,0.018836979385321827,-0.018836979385321827,2.8061581892986602,0.019128970699048817,-0.00029199131372699015,0.6649648122790656,0.0,2.0,1,
D02,0.02531252620269569,-0.02531252620269569,2.711023994134592,0.0024823847894826015,0.022830141413213087,-0.01502673355121717,0.011971571588934589,-0.011971571588934589,2.1233528687282477,0.01019542352989063,0.0017761480590439596,0.7449264259531932,0.0,2.0,1,
D03,0.011823612855585185,-0.011823612855585185,2.3671067234805205,-0.0187205991670477,0.030544212022632883,0.012909195812123575,0.01677106492253307,-0.01677106492253307,2.3016119986732813,0.012097993412629718,0.004673071509903351,0.8106981969891852,0.0,2.0,1,
D04,0.023074570748387244,-0.023074570748387244,2.1371435918923547,-0.003600361584312272,0.026674932332699516,-0.019654199436099168,0.013614908062990106,-0.013614908062990106,1.698411211747949,0.008435558441211629,0.005179349621778478,0.6611097644876162,0.0,1.4,1,
D05,0.011818438423549762,-0.011818438423549762,2.0120031585263476,-0.012403649678449737,0.0242220881019995,-0.01900684438271477,0.014907167981761909,-0.014907167981761909,1.7831440327624775,0.011179579863622047,0.003727588118139862,0.7092326140130436,0.0,1.4,1,
D06,0.02697402826018157,-0.02697402826018157,2.0665614035040885,-0.0010935534932248366,0.028067581753406408,0.005223815150645711,0.008314967012745315,-0.008314967012745315,1.3118343683460032,0.0037312608801573655,0.004583706132587949,0.6805113920554235,0.0,1.4,1,
D07,0.020789399436735485,-0.020789399436735485,1.3579820756702026,-0.0025877184004736604,0.023377117837209145,0.014978850179006908,0.00874505164672758,-0.00874505164672758,1.0175292855280127,0.008300927420612045,0.0004441242261155349,0.6749048848798963,0.0,0.7,1,
D08,0.02501861773484213,-0.02501861773484213,1.5094419424681784,8.281949713593098e-05,0.0249357982377062,-0.019092220232442364,0.007667200909200347,-0.007667200909200347,0.828775752628228,0.006256179609789256,0.0014110212994110903,0.7674486615765473,0.0,0.7,1,
D09,0.03353333688179382,-0.03353333688179382,1.3451343347698106,0.0011703512861925836,0.03236298559560124,0.002004962986199399,0.007168272396315149,-0.007168272396315149,0.4421629356460394,0.004653480351643676,0.0025147920446714736,0.9388635171172139,0.0,0.7,1,
D10,0.049507718637342546,-0.049507718637342546,0.8203248517825424,0.01607702740086893,0.03343069123647362,0.01217172911129219,,0.0,0.0,0.006891573795067456,-0.006891573795067456,0.8964895573483925,0.0,0.0,1,
D11,0.034112365092103,-0.034112365092103,0.7291813345843876,0.006352496988559123,0.027759868103543875,0.007089267922368914,,0.0,0.0,0.0044018083176446884,-0.0044018083176446884,0.896079203337681,0.0,0.0,1,
D12,0.03965236390891133,-0.03965236390891133,0.75570382905137,0.008802004569646204,0.030850359339265127,0.008257840291811952,,0.0,0.0,0.0035163954965495596,-0.0035163954965495596,0.8054290973434791,0.0,0.0,1,
