row_label,no3_cons_10hrs,no3_cons_20hrs,no3_cons_40hrs,no3_cons_60hrs,no2_cons_10hrs,no2_cons_20hrs,no2_cons_40hrs,no2_cons_60hrs,Nitrite_input,Nitrate_input,Chloramphenicol,Sample_type
A04,0.00015424142820400535,0.3328696956106212,0.7761871210868851,0.7874056330817726,0.011400367438815133,0.1813128980872616,0.4202925558120975,0.18058355046826866,2.0,1.4,1,
A05,-0.030238420148682534,0.28097167836445136,0.62178661454729,0.5124032923300867,-0.06531327229137796,0.08282332366012116,0.17963439764225378,-0.08346075073022419,2.0,1.4,1,
A06,0.19476577409591586,0.5699504564240561,0.8517510926246084,0.9385544586342661,0.29167222985690056,0.5335844939869282,0.3539958620135237,0.24249507796198022,2.0,1.4,1,
A07,0.27887251738203034,0.5269437721356931,0.9204767412977811,0.9439596780767318,0.1264992459920749,0.16341700102646373,0.47928419686129337,0.1710405256235504,2.0,0.7,1,
A08,0.13231432017140768,0.2814324261363291,0.6557991183016934,0.5806855737472477,0.11667165762080771,0.00944492330684781,0.28679723000906104,-0.08800756199099824,2.0,0.7,1,
A09,-0.05112608994102873,0.18609176159979857,0.3664670511655556,0.41483991064059444,-0.08766681630300405,0.037658047452613405,-0.08791362628699795,-0.1316572826391478,2.0,0.7,1,
A10,0.1414278171922743,0.3211992415206215,0.7035850570618097,0.6992725088192043,0.12997840909423602,-0.02175530062048971,0.11230822000990696,-0.027789726991296945,2.0,0.0,1,
A11,0.1599106084943953,0.38531587051183963,0.7231443570625723,0.7054571158188514,-0.007670857868751522,0.046712905029299874,0.05924322366643107,-0.05036288975574551,2.0,0.0,1,
A12,0.19931806193835622,0.4839027345640359,0.709225150606229,0.7314580253485036,0.14078687262525924,0.15189414609040833,0.030062686380540916,-0.049152334655426004,2.0,0.0,1,
B01,-0.3313257494207504,-0.04682292034661322,0.0730655688370493,0.26750573250237963,-0.5404049360845312,-0.4223167605747163,-0.6122733073218509,-0.5172980658708478,1.4,2.0,1,
B02,-0.47691404768822165,-0.08927050972392293,0.05944722132757335,0.2817962865421938,-0.7615138474559578,-0.47379725505080467,-0.6204483724160001,-0.45040488497044057,1.4,2.0,1,
B03,-0.20740615398743625,0.0962648493935643,0.2421297546922499,0.41605996213002594,-0.49294380115326647,-0.37032176111207205,-0.4114971333053054,-0.37592240030444374,1.4,2.0,1,
B04,-0.3130110456043962,0.024599285095570064,0.18949558346891598,0.3593558018488546,-0.5179176271010284,-0.3242236151352741,-0.43929637586466297,-0.29460486311725265,1.4,1.4,1,
B05,-0.049613651686434265,0.09772134119787558,0.48846376488816046,0.5815986943868482,-0.056028660846018694,-0.14456638623949106,0.15259187593730905,-0.0771098750602122,1.4,1.4,1,
B06,-0.1617428365659938,0.14495409667728995,0.2925867472856165,0.611632193467914,-0.4943875196125847,-0.2998992734801645,-0.41541281083207116,-0.2899869891130617,1.4,1.4,1,
B07,0.03652736322856026,0.30382114990208353,0.5629150377974181,0.6351842693029895,-0.18472442575022913,-0.09561389538323524,0.037886630929111674,-0.15737464475632615,1.4,0.7,1,
B08,-0.09379858422026252,0.22193502088264608,0.4357968256251352,0.5464077904080508,-0.44161950490445445,-0.2392185646110418,-0.2576065170393621,-0.31557228455477687,1.4,0.7,1,
B09,0.09936822669256652,0.3016851108306446,0.41413149443581154,0.6747065301221082,-0.052585895117522256,-0.013440433851766926,-0.28464821663037365,-0.02993564346308605,1.4,0.7,1,
B10,0.11637334042646703,0.2986004813055088,0.5296628146815504,0.6470343551673954,-0.09481818632738988,-0.11617912771604882,-0.11973876025471007,-0.11217561162187109,1.4,0.0,1,
B11,0.05887203942660029,0.23230432705359866,0.482628423672798,0.5895084530463981,-0.07752052183409705,-0.11201723472869247,-0.004578531779086405,-0.05339693970108309,1.4,0.0,1,
B12,0.05108178358878384,0.2538921785420926,0.49235826656174997,0.6241468978956827,-0.2243191807322163,-0.19596547726108163,-0.20106474661039916,-0.2931094088570725,1.4,0.0,1,
C01,-0.2590848510760184,0.09682879220398993,0.19124191375228577,0.48084506918433684,-0.3999514469529694,-0.2187424521009643,-0.4629795972544179,-0.2781767554880563,0.7,2.0,1,
C02,0.020943938554309864,0.37054287148827625,0.5436663587664737,0.7497843795988641,-0.040838133076166586,0.1315384039732294,-0.017061196077970332,0.037531179442163415,0.7,2.0,1,
C03,-0.22124957354176247,0.08923277224593626,0.39282893319593454,0.4622112004992772,-0.5113848244944081,-0.3572625913806325,-0.3035010767317927,-0.4364935182356656,0.7,2.0,1,
C04,0.02086955045996122,0.2498356549630933,0.46553661049117684,0.6133198013781933,-0.03636908798957412,0.02202961903789715,-0.020248626360935173,-0.042010451695543155,0.7,1.4,1,
C05,-0.15512310160567766,0.12902665354570253,0.3428774540557352,0.5354160891019594,-0.3624644708478236,-0.24394381747909596,-0.39235794302128035,-0.3791590988785956,0.7,1.4,1,
C06,0.07764115708825316,0.34404039392624286,0.5838334428362352,0.7608187994768578,-0.19719267901376278,-0.07968358857502894,-0.16165992434653909,-0.2247657803244238,0.7,1.4,1,
C07,0.08342586994960403,0.29982906945722243,0.582320657526612,0.7415454930878824,-0.16490851364041767,-0.12989925624364884,-0.1812769451528282,-0.19240610019382332,0.7,0.7,1,
C08,0.11630675297462921,0.33830851937429274,0.5469442770062835,0.7004647721435291,-0.1039288227424973,-0.07848515551206733,-0.17412950561986767,-0.17567811155706775,0.7,0.7,1,
C09,0.0010242098613609852,0.23916899810121284,0.36266849086249114,0.568516929535978,-0.23295621663111796,-0.12940251435061648,-0.26988278545508254,-0.1508725201539204,0.7,0.7,1,
C10,0.28662443665027615,0.4713347342323788,0.7665434146167299,0.8256565102797625,0.07559713179251518,0.028339666026328945,0.01603283121449147,-0.10471284219028838,0.7,0.0,1,
C11,0.215156572511434,0.4593156251496575,0.7041483391836835,0.7495438455069556,-0.0810784170720419,-0.010862013598992583,-0.09669405276920505,-0.1783537375879025,0.7,0.0,1,
C12,0.28321497506370735,0.49474122969128453,0.7250765544743046,0.7513795182056858,0.08076072992810197,0.0554728232816445,0.024752929394395946,-0.02565345965002584,0.7,0.0,1,
D01,-0.23371691721260976,0.28335411317779696,0.4705609079315644,0.7051402520751119,-0.3818389082720652,-0.05262140942632172,-0.24722340907702062,-0.20747230892628346,0.0,2.0,1,
D02,-0.1520115119594402,0.283242282270433,0.5069469972391651,0.6538003156293868,-0.38399983992513115,-0.13411691709529408,-0.2200043767379841,-0.30300031310615305,0.0,2.0,1,
D03,-0.10711434098807446,0.2998117970777688,0.5805950592387641,0.7658419554894658,-0.37192802028282745,-0.17325244418110278,-0.18955155266731102,-0.19478048566014755,0.0,2.0,1,
D04,-0.31258848211199,0.005542334942512088,0.18834317110690935,0.3016348304740258,-0.4400649078922713,-0.2898046245516368,-0.34703691689516486,-0.3718037094718529,0.0,1.4,1,
D05,-0.14546402474514897,0.2035932388095302,0.49249198253875,0.6820225945550816,-0.3599431520315847,-0.21349055420656385,-0.27507618364666664,-0.2606183822247763,0.0,1.4,1,
D06,0.00013857920486275884,0.4137722762492079,0.6693166930750446,0.8668283114818087,-0.27427373833672725,-0.051477850972682544,-0.15831805904913726,-0.2062185657981295,0.0,1.4,1,
D07,0.0583658108047296,0.3062131176217139,0.6479542145949873,0.8155101309376055,-0.21712905546194644,-0.20655234597860114,-0.1401434706325468,-0.15263518711668692,0.0,0.7,1,
D08,0.1345742925443626,0.3513931676248336,0.712672137869039,0.8724864738957688,-0.1499148373154891,-0.14848256234794216,-0.10579952008784912,-0.2390745366334564,0.0,0.7,1,
D09,0.06490632022819884,0.3688622058983457,0.6102569369559436,0.8162716096883984,-0.21898889208047387,-0.09158533535184979,-0.23356162352841972,-0.15998406675473312,0.0,0.7,1,
D10,0.22013076246067845,0.42972664250807435,0.5164668562942885,0.5164668562942885,-0.06477663301787276,-0.0814192413198732,-0.14099028541057695,-0.09910221650629081,0.0,0.0,1,
D11,0.23307415447994254,0.42919266399099165,0.5835836361032903,0.5835836361032903,-0.025896783095896818,-0.037981376175473695,-0.09391748778590023,-0.03687022558619974,0.0,0.0,1,
D12,0.31664131950134256,0.5334141972686146,0.5955902263558717,0.5955902263558717,0.011456393278001832,-0.04787091426240588,-0.06114365213406747,0.04728530828451176,0.0,0.0,1,
