Nitrite_input,Nitrate_input,Chloramphenicol,NO2 Slope,NO3 Slope
0.0,0.0,0,1.2331955722464124e-08,0.00010086525475881551
0.0,0.0,1,5.777207239307768e-07,2.7267856527628613e-05
0.0,0.7,0,2.0950821755328872e-07,0.0003146028752971628
0.0,0.7,1,1.9515357371551064e-06,1.4876790470480567e-05
0.0,1.4,0,3.4816609170425584e-06,4.322461428712487e-05
0.0,1.4,1,0.00010952285037886647,2.99226773475509e-06
0.0,2.0,0,1.1257520285354615e-07,0.0001896955571915181
0.0,2.0,1,6.335266830145279e-07,3.4640587960302665e-05
0.7,0.0,0,0.0008278086755332816,0.0003479287914000562
0.7,0.0,1,1.2948419134875865e-05,2.6179199514527534e-05
0.7,0.7,0,0.00014379532258113772,0.00025506711278681677
0.7,0.7,1,1.4077858776718636e-05,2.8255285780891146e-06
0.7,1.4,0,6.320264214544894e-05,0.0005368876718782649
0.7,1.4,1,0.00041574015894954824,1.3310829167430066e-05
0.7,2.0,0,0.0006516736559010838,0.0009848242628806157
0.7,2.0,1,1.2542046262101678e-05,5.00265632420629e-05
1.4,0.0,0,0.00010699265369051975,0.00011110440351208358
1.4,0.0,1,3.72364224616764e-05,0.00012395017899575255
1.4,0.7,0,3.157885733940992e-05,5.369457007573792e-05
1.4,0.7,1,1.0109182535965509e-06,1.5035199922029519e-05
1.4,1.4,0,6.20027673883693e-05,0.0006383429088371601
1.4,1.4,1,2.618287577277803e-05,5.690436148376578e-06
1.4,2.0,0,0.00023668264834217958,0.00029851076699561826
1.4,2.0,1,6.357513055243358e-05,9.794547957993753e-06
2.0,0.0,0,5.675396255387897e-05,0.00010889303240583773
2.0,0.0,1,0.0001294011772427241,3.980657455221267e-06
2.0,0.7,0,0.0004702706416759223,0.0002735785767307402
2.0,0.7,1,4.71199679316789e-05,1.0583114739509215e-05
2.0,1.4,0,2.3252266966093787e-05,8.710383869164308e-05
2.0,1.4,1,3.6367142920641335e-06,5.5919099938465175e-05
