row_label,no3_cons_5hrs,no3_cons_10hrs,no2_cons_10hrs,no2_cons_20hrs,Nitrite_input,Nitrate_input,Chloramphenicol,Sample_type
E04,0.028177583591496795,0.13746835424039933,-0.11312404372434681,0.7033384012925441,2.0,1.4,0,
E05,0.13703445943717799,0.09483199932725979,0.445797831667991,1.2673671607640962,2.0,1.4,0,
E06,0.10526635732507705,0.47603946144353343,0.3172688608196058,1.1706939968766135,2.0,1.4,0,
E07,0.20962190713151702,0.2340893768029921,0.08135740327230252,0.5113177847459195,2.0,0.7,0,
E08,-0.02610431473306186,0.03972018161263069,0.11423246915862799,0.7702493161541908,2.0,0.7,0,
E09,0.13953464560215398,0.08756633455183693,0.17832593571380007,0.797775716974444,2.0,0.7,0,
E10,0.08412310044480746,0.14578743155438814,0.19502465936954483,1.066404286323004,2.0,0.0,0,
E11,0.12137307450787557,0.16526585571992383,0.360988828687167,0.9927693131324334,2.0,0.0,0,
E12,0.0577339919019959,0.3346539244690588,0.14531116650177445,1.2645249353442416,2.0,0.0,0,
F01,0.18908115655674307,0.38754732737343905,0.19023126314123734,0.9062847198721775,1.4,2.0,0,
F02,0.043737931321394086,0.10324116349280536,-0.12202887403833516,0.5902425675630921,1.4,2.0,0,
F03,0.2985216343733888,0.4922932998174701,0.3478747035763661,0.9868770888707591,1.4,2.0,0,
F04,0.2043637474093846,0.39999734220934663,0.25996981223934756,0.9851934901187289,1.4,1.4,0,
F05,0.33921320036626046,0.43536170009001424,0.5328899156314597,1.363960308409518,1.4,1.4,0,
F06,0.2619729870087005,0.36125434794208405,0.18713583906668302,0.9445339735448423,1.4,1.4,0,
F07,0.259703690058237,0.48528204570559563,0.3837408551880056,1.2208318164639633,1.4,0.7,0,
F08,-0.10019274211182659,0.05182454149132338,0.2877087644186185,0.9653785811200467,1.4,0.7,0,
F09,0.10866099596070446,0.10000524842558435,0.3505053543422829,1.2115629200278133,1.4,0.7,0,
F10,0.08550406472834361,0.3169825549316153,0.1465577992735284,1.030793114972325,1.4,0.0,0,
F11,0.056488236068143294,0.0636234732502749,0.2796933096691523,1.050610140909876,1.4,0.0,0,
F12,-0.016518731483680542,0.028815274951087627,0.04597637690763373,0.6362130729834489,1.4,0.0,0,
G01,0.24643870973250093,0.4225113389080716,0.04324781999827871,0.8683241109222446,0.7,2.0,0,
G02,0.2672893682934951,0.23567675583828213,0.41827538701276656,1.2302847522872784,0.7,2.0,0,
G03,0.4279802354199702,0.6316046814192788,0.13778222658293598,0.9123676289524189,0.7,2.0,0,
G04,0.28793929824919945,0.5498912906309275,0.10474523383429296,1.0446922608396607,0.7,1.4,0,
G05,0.15911359176596204,0.08065151318588065,0.165568223828542,1.165654776281698,0.7,1.4,0,
G06,0.33927361936674283,0.6093920858664919,0.2545065681289272,1.1502653432785106,0.7,1.4,0,
G07,0.2875685221599075,0.6901657937479477,0.22928082231998295,1.205342945968183,0.7,0.7,0,
G08,0.1037157396190882,0.21168945189499574,0.3150515325769349,1.1774692704437373,0.7,0.7,0,
G09,0.162150601536413,0.2326994325681425,0.32386989328655585,1.0022373011970303,0.7,0.7,0,
G10,0.15450358688994414,0.4944974572255644,0.31691061132540094,1.1064910681865245,0.7,0.0,0,
G11,0.02461739269340923,0.17191554923577915,0.2336671881047077,1.0397937351483322,0.7,0.0,0,
G12,0.002305928432721547,0.2512958291850427,0.3863186814217157,1.0418608471861228,0.7,0.0,0,
H01,0.2973582983982036,0.5474382264315071,0.1448756512689001,1.1491360874099614,0.0,2.0,0,
H02,0.39549019708383987,0.6038210341921274,0.2329877142213968,0.9324992693309971,0.0,2.0,0,
H03,0.16054476601737325,0.5039973891846815,0.07476174667254862,0.8941967096899441,0.0,2.0,0,
H04,0.3291197923290696,0.544937055485007,0.2664515195932914,1.0011645590737244,0.0,1.4,0,
H05,0.13688886777543793,0.3191727560922892,0.28361241031627493,0.9349672836905148,0.0,1.4,0,
H06,0.36106026421033954,0.46340104742275356,0.41880474737660434,0.9929867288296745,0.0,1.4,0,
H07,0.3205675191214748,0.7519384816101612,0.28364965732911646,0.9695083157882263,0.0,0.7,0,
H08,0.2562913463922929,0.5700857018447364,0.40454577615692,0.9907909185396784,0.0,0.7,0,
H09,0.1690242425780977,0.37212205166967016,0.26270832482712025,0.941843918750078,0.0,0.7,0,
H10,0.3604144764644367,0.5343408310805111,0.34516797934600213,0.5865572081678616,0.0,0.0,0,
H11,0.21029290810415432,0.4472165991901571,0.403633561928308,0.5389716037863257,0.0,0.0,0,
H12,0.30237166067539756,0.37192959615500276,0.36177064194691766,0.6583159910534659,0.0,0.0,0,
