Nitrite_input,Nitrate_input,Chloramphenicol,no3_cons_5hrs_mean,no3_cons_10hrs_mean,no3_cons_15hrs_mean,no2_cons_10hrs_mean,no2_cons_20hrs_mean,no2_cons_30hrs_mean,no3_cons_5hrs_var,no3_cons_10hrs_var,no3_cons_15hrs_var,no2_cons_10hrs_var,no2_cons_20hrs_var,no2_cons_30hrs_var
2.0,1.4,0,0.14193948041286944,0.6081539522107523,1.3182222797739716,0.34024832312932757,1.8865100657963019,3.2749174508699803,0.011070386413668294,0.04306898345957554,0.05072514618596823,0.07760951529062625,0.0680178127485226,0.04088086572896109
2.0,0.7,0,0.21087412915368942,0.5704850497049129,0.7985403024635311,0.26566253162307824,1.7485646508991908,2.709519136642486,0.005983890677601238,0.012224586019109149,0.0007741350331788587,0.002188757675759032,0.02473665306566383,0.0038850601680540777
2.0,0.0,0,0.1677374679476394,0.19126570537746057,0.19126570537746057,0.1338010381352693,1.5953851298199113,2.136041323492419,0.005414429622397751,0.005302931733338574,0.005302931733338574,0.006761089168905878,0.010201808549835755,0.007519370752743766
1.4,2.0,0,0.15173025716513422,0.4054739679727816,0.852217468685614,0.6281805039178234,2.313388726946409,3.3305668882286668,0.016337566112324856,0.02483166339611854,0.17960793617414486,0.1565261063815754,0.22445319104852307,0.08752537956385628
1.4,1.4,0,0.1877279027764139,0.4839237938188483,1.049706483304706,0.16747857564489022,1.7702821240920137,2.7354173852636445,0.023235908342790115,0.012517932761204761,0.012265955391030628,0.07769073180802169,0.12821561737053572,0.06482978401821982
1.4,0.7,0,0.2771105025624921,0.5763448692706711,0.8371094939359457,0.22352850275088276,1.6626360139548584,2.273297880292121,0.006544901593676059,0.002051567156965128,0.014178312899179108,0.11482601694737665,0.09095746546191916,0.07323543577415872
1.4,0.0,0,0.13427239392493437,0.13803250215532467,0.13803250215532467,0.38924207152169377,1.524412800917344,1.6965350581239906,0.0020481963481223543,0.0017361863690796282,0.0017361863690796282,0.002454112990539795,0.008972657911015265,0.007783503028063097
0.7,2.0,0,-0.0220794103135505,0.1143161449252525,0.3882140489950992,0.21440226977723031,1.2867060762969806,2.250605661000861,0.004523643015223498,0.03444803540635754,0.007701374830241296,0.005074623651473495,0.02056630676704452,0.02378951991876403
0.7,1.4,0,0.07853818453384176,0.3797452508847193,0.7146165250511625,0.40259276762662827,1.6077957631288158,1.9471319039425516,0.004600780137325585,0.02272158326910593,0.018771693583126622,0.025514012597555976,0.006244104889252887,0.006723535918458309
0.7,0.7,0,0.24060575435956308,0.5650257061526007,0.715859366986897,0.4865925073029853,1.4036256942914955,1.5193632419514211,0.018264359050303686,0.07535418109239417,0.05075273992188044,0.012356578894222162,0.018048870372549913,0.009641327347678738
0.7,0.0,0,0.16254474194685675,0.1852128823860614,0.1852128823860614,0.6549429492834534,0.8860626292498778,0.8844875178431786,0.008408075473004964,0.008630299445946388,0.008630299445946388,0.002832845412430508,0.0010454056067730265,0.0011367516080168637
0.0,2.0,0,-0.0006345436564320073,0.2890674769184327,0.756654836418598,0.28534847964013893,1.1416031096381822,1.6741714050086003,0.08271378527125316,0.13359481577418192,0.1883445458494417,0.13246820513935742,0.03364467003376062,0.061332090458389825
0.0,1.4,0,0.19404280964571066,0.4790939258788944,1.0102467437798475,0.4755687090040439,1.3020608545027244,1.4808320653818534,0.043236676984245194,0.039109150230899836,0.05111990286026266,0.0388081582155802,0.030796403039299695,0.026447605501681425
0.0,0.7,0,0.22477158554982615,0.546201186806477,0.9077133110786807,0.5396925853553013,0.9121897773063302,0.8952095294839921,0.012163499953643938,0.014170979252538513,0.012157464977059369,0.01381376789819479,0.01187294811708349,0.01052822720436732
0.0,0.0,0,0.23506517351982248,0.24853543334272069,0.28234470250929417,0.24610205775592708,0.27809660588711965,0.2712697511920511,0.0012035443201348528,0.0011325819027427862,0.0007222537185326172,0.001087270083656032,0.0004985909645709006,0.00043117347176669843
