Nitrite_input,Nitrate_input,Chloramphenicol,no3_cons_5hrs_mean,no3_cons_10hrs_mean,no2_cons_10hrs_mean,no2_cons_20hrs_mean,no3_cons_5hrs_var,no3_cons_10hrs_var,no2_cons_10hrs_var,no2_cons_20hrs_var
1.4,2.0,0,0.11551771701900397,0.21611158068270733,0.27433085450043415,0.8978487567112555,0.030070245440519523,0.049209251395714616,0.028783113864705476,0.004949516543731874
0.7,2.0,0,0.13783956249582555,0.29034761594046177,0.3415553371655156,0.9488937970301534,0.08032061145689677,0.10107802883342053,0.023408477777696092,0.02261873408319345
0.0,2.0,0,0.3268060671909752,0.3110188812503238,0.3038232621101465,0.5982683592152876,0.016094926914695443,0.077907021318296,0.07776438337299314,0.07729980487548414
2.0,1.4,0,-0.03217355233125426,0.0931779181785785,0.208348661716229,0.6750392229197493,0.006761306036835702,0.005825179021736908,0.023186169641069922,0.047521614548326215
1.4,1.4,0,-0.14678406039801303,0.12408512538952081,0.14045165738008225,0.622672900801777,0.005146515310419954,0.004999054345832567,0.01331290941627389,0.005295992195567475
0.7,1.4,0,0.0698174963318436,0.2980557391375522,0.24838617433870502,0.840584607744708,0.036107984061037865,0.004584310972571583,0.00402590289032124,0.014529100801332583
0.0,1.4,0,0.24871547877094521,0.35493954728030647,0.3439732578006683,0.6769209043176397,0.0031839525836517774,0.007835881910749413,0.009453359069811556,0.0013390093363731172
2.0,0.7,0,0.03862745122424153,0.13234972473016518,0.12497918034974113,0.6819313667152532,0.06619019949804068,0.0664579545449899,0.02073367560824323,0.07999822136436936
1.4,0.7,0,-0.1646856509785808,-0.0009267511760982713,-0.007419023382358701,0.5460805299768277,0.004991411580944821,0.01872020792181771,0.029821107086609434,0.0016680694075452132
0.7,0.7,0,0.272361201051631,0.540979033181796,0.45073473400176683,1.0190707894002327,0.0008041072106149058,0.0015334174801100472,8.536493015373971e-05,0.00881658185779703
0.0,0.7,0,0.28273476848438533,0.38074827158327046,0.38001923445970814,0.7455641140869247,0.0018256113732170733,0.007471391851258597,0.0074021871890338166,0.006609165377436799
2.0,0.0,0,0.22519565424070728,0.40467562708738103,0.2513768817707658,0.7731398804980615,0.0050975885824079215,0.0015300976302543368,0.0025647064648779017,0.03215655730558945
1.4,0.0,0,0.13358585272204657,0.3021357417138762,0.33661892037474134,1.00221263633687,0.030864575891691143,0.021225779317975424,0.01245401828634841,0.01831011444666247
0.7,0.0,0,0.2055351821118712,0.3985303881906767,0.36740851352849946,0.9202882460531322,0.018389263346887272,0.038480036574418876,0.06144344331207376,0.07950713006235136
0.0,0.0,0,0.1949859274118134,0.2775763794677622,0.2753100192242042,0.6253699870420263,0.017277231620159948,0.002790422097368016,0.00286183987273511,0.004345674447291833
