,chl1_init_no3,chl1_init_no2,chl1_no3_rate_early,chl1_no2_rate_early
0,2.0294064556558595,1.7658064156924915,0.028514076312128538,0.00420443862941236
1,2.0457638130049793,2.1569527573801044,0.02458431880318246,0.010597322064347674
2,1.9947214798448551,2.2086563838707858,0.04056772968319395,0.025468900896549428
3,1.367864726149495,2.197270812313335,0.031880320293996234,0.01842741627626596
4,1.3285842140198874,2.216397639808141,0.03759820492093687,0.03405137468728534
5,1.3589901268413347,2.143167027317519,0.033683674369544586,0.02872393783975056
6,0.4352635966058249,2.2507688065730465,0.024710396293239522,0.01891484895444377
7,0.6890048718144701,2.2490619804855823,0.028764783331186816,0.0198121848857567
8,0.8108629692573435,2.2323331432030895,0.03396629239257074,0.02508013281927117
9,2.308237267665025,1.1910536551966298,0.01708645726579098,-0.01522484404597814
10,2.493979703845067,1.0724087241769962,-0.00355273563397066,-0.03329075479747861
11,2.1909376975998103,1.1131699110195885,0.014242665251758496,-0.014972282258645957
12,2.0212206001960293,1.3938802195371445,0.029377116094616056,0.006114430381222769
13,1.945235010340347,1.3796154215417489,0.03153761097212192,0.008043819656532353
14,1.95205697894451,1.495384592296646,0.02752995281121848,0.01019059455989282
15,1.304746098446954,1.4372339078110528,0.030045467322318553,0.01553503456954204
16,1.2810075145420152,1.5449970320367556,0.02348559528117133,0.0013651471076236744
17,1.2530539228613116,1.501013502339802,0.028905699002375693,0.007788688404490696
18,0.5945845520609547,1.5989380367448405,0.03018598133030587,0.015188574028190295
19,0.6131488619105979,1.539141635899185,0.028861418106005305,0.011755910018493736
20,0.5556341875327359,1.5685290353989352,0.02744826457244027,0.012612674902995325
21,2.4206917027557617,0.5242852190936419,0.013480426331516302,-0.019842436420377113
22,2.4859504418434843,0.5000877839751803,0.026672341071700186,-0.0018881352484712635
23,2.4634551082925507,0.5077666327003417,0.015783784705716074,-0.018160205267703903
24,1.9329440958553952,0.5185855403890485,0.028259583653130752,0.0004485721973226872
25,2.096160522381183,0.5473123166667775,0.028337324061101007,-0.0016750157108448363
26,2.01779148514016,0.6507338096812777,0.023385236469009814,0.0010107029106080738
27,1.5130202964686483,0.6435336206410716,0.03579624743426788,0.011170275047705285
28,1.352874804597502,0.6233230789577462,0.026946553326254976,-0.002129702625547139
29,1.3535407103234105,0.6000860831876929,0.02949041561192391,0.0020073154924073362
30,0.7007953688394857,0.6639711286553917,0.030395601716855188,0.003155750350696443
31,0.8683345998611479,0.694965515551071,0.035815267955900384,0.01413540345709743
32,0.6219614612240523,0.6287827658180232,0.030727792481598577,0.001799720015505761
33,2.5773770821090345,0.0110334572731135,0.01751178597890701,-0.0062896112121748615
34,2.2699848111809686,0.0107992785103089,0.01702154070640055,-0.008296274450322518
35,2.6727807074863885,0.0107992785103089,0.023258851584540347,-0.00021492611760650857
36,2.10821548042997,0.0107992785103089,0.031115560467715297,0.0022194296462549855
37,1.9872305919597777,0.0107992785103089,0.019459051363144273,-0.00608912587025999
38,2.1477746229326726,0.0107992785103089,0.03380030124996993,0.007012362166322929
39,1.492541345086735,0.0107992785103089,0.03374666403510098,0.009307887511645366
40,1.478954433989458,0.0107992785103089,0.029945622814094287,0.004731229535673943
41,1.6344314923631085,0.0107992785103089,0.027778553412826302,0.0033019721291035996
42,0.8757570007429107,0.0107992785103089,0.03572590843069921,0.009791517213239186
43,0.962680959382487,0.0107992785103089,0.03674738528697895,0.007647620695353283
44,0.9167376539239392,0.0107992785103089,0.04005130461482632,0.011064437879149524
