row_label,no2_half_life_rcpr,no3_half_life_rcpr,Nitrite_input,Nitrate_input,Chloramphenicol,Sample_type
E04,0.033287658660827155,0.04081495486299815,2.0,1.4,0,
E05,0.030811274212721004,0.036988533319780775,2.0,1.4,0,
E06,0.028292290001164764,0.032540015788174746,2.0,1.4,0,
E07,0.04140302177773643,0.07741021660207423,2.0,0.7,0,
E08,0.03949352717680651,0.06750809525477772,2.0,0.7,0,
E09,0.04309321284754271,0.057461729880419414,2.0,0.7,0,
E10,0.04657925215501207,0.09186627053908103,2.0,0.0,0,
E11,0.04554285435389693,0.07500930463185487,2.0,0.0,0,
E12,0.04269337877840257,0.11656170406772155,2.0,0.0,0,
F01,0.03103912955235352,0.032030358596006274,1.4,2.0,0,
F02,0.03212980869052222,0.0311061100706571,1.4,2.0,0,
F03,0.034755194966075764,0.05555843657315031,1.4,2.0,0,
F04,0.03300058585509169,0.03471910136927445,1.4,1.4,0,
F05,0.0323080593422591,0.032159515221822955,1.4,1.4,0,
F06,0.04202097394471434,0.06682372663447081,1.4,1.4,0,
F07,0.04049064482650235,0.07846182289318593,1.4,0.7,0,
F08,0.047814144355325765,0.08811916990714959,1.4,0.7,0,
F09,0.04425807935816375,0.07651358562393873,1.4,0.7,0,
F10,0.056418460521898216,0.10286830486829962,1.4,0.0,0,
F11,0.055268573954032,0.1325931222685114,1.4,0.0,0,
F12,0.059513837245465405,0.15260381837329928,1.4,0.0,0,
G01,0.04024228284182411,0.031636705727792334,0.7,2.0,0,
G02,0.03321969169724936,0.027699273803099066,0.7,2.0,0,
G03,0.04537393877518521,0.055126000224816674,0.7,2.0,0,
G04,0.04285257681189407,0.03745967762405153,0.7,1.4,0,
G05,0.047029464574217604,0.041475555563222286,0.7,1.4,0,
G06,0.05229969041550365,0.06705487246662596,0.7,1.4,0,
G07,0.06462771980000556,0.10080524182705923,0.7,0.7,0,
G08,0.05641445961230256,0.06454610621182258,0.7,0.7,0,
G09,0.06250889947179294,0.059518569612525815,0.7,0.7,0,
G10,0.07806904015770716,0.19562670685271638,0.7,0.0,0,
G11,0.09035922690330037,0.11136177287530498,0.7,0.0,0,
G12,0.08940225724825696,0.2559812940790427,0.7,0.0,0,
H01,0.03314926323754565,0.03305733470265694,0.0,2.0,0,
H02,0.032847137931396854,0.03278177767540884,0.0,2.0,0,
H03,0.03206399833251152,0.03202542218677011,0.0,2.0,0,
H04,0.03760312358598349,0.03753179307581058,0.0,1.4,0,
H05,0.03638917314298356,0.03627962653862532,0.0,1.4,0,
H06,0.04108558834903687,0.04106121644070413,0.0,1.4,0,
H07,0.0822360826908807,0.08915365476623102,0.0,0.7,0,
H08,0.06048662153265857,0.06026709698201946,0.0,0.7,0,
H09,0.0860807245668622,0.09230701938349527,0.0,0.7,0,
H10,0.17035004731556333,0.23749726208057229,0.0,0.0,0,
H11,0.11261882861938084,0.11248293675953194,0.0,0.0,0,
H12,0.12614118687880985,0.15987091459393915,0.0,0.0,0,
