Nitrite_input,Nitrate_input,Chloramphenicol,no2_half_life_reciprocal_mean,no3_half_life_reciprocal_mean,no2_half_life_reciprocal_var,no3_half_life_reciprocal_var
1.4,2.0,0,0.05525966014079814,0.08920546155549096,7.80546800867806e-05,0.0011116684961496681
0.7,2.0,0,0.07159498844511787,0.12082664774804801,6.817423816867759e-06,9.237278400390397e-05
0.0,2.0,0,0.08659043051956483,0.1258037348259723,3.51336085216104e-05,5.881192959429784e-06
2.0,1.4,0,0.05474158238861987,0.15612179114684177,6.669856315480529e-07,0.00024162600496583118
1.4,1.4,0,0.06353000110197887,0.1540677170889521,1.4128097030533955e-05,0.00011422300741056016
0.7,1.4,0,0.0775945185169561,0.17229272607085996,3.20008154367696e-05,8.158694038831626e-05
0.0,1.4,0,0.1099490017109596,0.1862131609463089,7.3491418298646e-05,0.0030823925232743524
2.0,0.7,0,0.06349409228245957,0.30353673310104906,8.007192660838493e-06,0.00025478344919658484
1.4,0.7,0,0.07870688547484607,0.32401944799070187,2.7100083638804746e-05,2.9797179808243188e-05
0.7,0.7,0,0.10622969515113784,0.3232411346640986,6.548837550291666e-05,3.086002627156569e-05
0.0,0.7,0,0.1672694572005926,0.3253450844884857,0.00012074189892810325,1.0212247474803367e-06
2.0,0.0,0,0.0853634962858147,inf,3.7194640713411624e-06,
1.4,0.0,0,0.11544141359692826,inf,7.895697547063253e-05,
0.7,0.0,0,0.1855890931663724,inf,5.2237861937333094e-05,
0.0,0.0,0,inf,inf,,
