Nitrite_input,Nitrate_input,Chloramphenicol,no2_rate_mean,no2_slope_mean,no2_intercept_mean,no3_rate_mean,no3_slope_mean,no3_intercept_mean,no2_rate_var,no2_slope_var,no2_intercept_var,no3_rate_var,no3_slope_var,no3_intercept_var
1.4,2.0,1,-0.027810160933562162,0.018827933781692435,1.330915704508855,-0.008982227151869733,0.008982227151869733,1.9811102085371661,0.0001842008477127624,2.0165345340947405e-05,0.018182620675923352,9.669474017228358e-05,9.669474017228358e-05,0.0015291847350813955
0.7,2.0,1,-0.019069899442308597,0.017235262025505467,0.46235156392422844,-0.0018346374168030997,0.0018346374168030997,2.1054229424957103,0.0003383206387367141,5.778149803378128e-05,0.0003214684274544609,0.00011998537450086258,0.00011998537450086258,0.027386143742828564
0.0,2.0,1,-0.0239968019629702,0.022183892337456268,0.006228082163412201,-0.0018129096255139,0.0018129096255139,1.984985050899984,1.3147333516585507e-05,1.5834666883844514e-05,0.00028066672409633866,6.96095075527511e-06,6.96095075527511e-06,0.0008334542545024134
2.0,1.4,1,0.0064666337500538665,0.0073822762614334,1.882476192322179,0.013848910011487234,-0.013848910011487234,1.796999887358206,0.00022684304808790105,3.727435630929042e-05,0.027902237996787704,8.099689973673762e-05,8.099689973673762e-05,0.0008699308404328858
1.4,1.4,1,-0.02204811658684523,0.019172256241507733,1.2588862323983798,-0.0028758603453375004,0.0028758603453375004,1.625250711920014,0.0001634648327179631,0.00011235164731848143,0.020625301275025505,9.952463471502563e-06,9.952463471502563e-06,0.011837372346444745
0.7,1.4,1,-0.020341446365418802,0.020273764163181898,0.39350132281225486,-6.76822022369003e-05,6.76822022369003e-05,1.652165977163838,0.00012989244840782733,4.912148133769572e-05,0.002686917418651383,8.010214330520315e-05,8.010214330520315e-05,0.02290593364198146
0.0,1.4,1,-0.02214895721675797,0.02156096437449383,0.003249237975775234,-0.000587992842264133,0.000587992842264133,1.5321303412109397,7.197917812185889e-05,2.0107520016118652e-05,0.0004096861965917286,0.00016176752046680046,0.00016176752046680046,0.005306910506533615
2.0,0.7,1,0.0005091336055975003,0.0130699271044937,2.0302693182570937,0.013579060710091233,-0.013579060710091233,1.2994986151421135,8.60973518215351e-05,1.357818427927024e-05,0.0064882053766226735,0.00013586496458964083,0.00013586496458964083,0.005343806881489175
1.4,0.7,1,-0.009664020557322699,0.020121981785423532,1.2829477176067667,0.010457961228100833,-0.010457961228100833,1.2324374971099052,0.00017129559404202452,7.007556953381755e-05,0.012521531530424677,2.2432026490717373e-05,2.2432026490717373e-05,0.013088767308585755
0.7,0.7,1,-0.0171756914695692,0.023993228154728402,0.3776235086051664,0.006817536685159167,-0.006817536685159167,1.1262866170419692,2.1393115921414208e-05,2.645079275682417e-06,0.0019577316378348707,1.8459735252644356e-05,1.8459735252644356e-05,0.003802565091570298
0.0,0.7,1,-0.0167320658604223,0.02738402526237067,0.013244968432412968,0.010651959401948333,-0.010651959401948333,1.0336642010930115,4.201758201574637e-05,6.01822782349381e-07,4.9168513595358165e-05,3.355043645827414e-05,3.355043645827414e-05,0.0010617272469827883
2.0,0.0,1,-0.0008827654885927667,0.019705040353568532,2.0703429547040173,0.018822274864975733,-0.018822274864975733,0.7768696954905246,1.0076905210329726e-05,2.197095722440891e-05,0.015510078052284323,3.7387531783134935e-05,3.7387531783134935e-05,0.00579098598107689
1.4,0.0,1,-0.012242941459755699,0.022965265341097763,1.0607763579223508,0.010722323881342,-0.010722323881342,0.6598127490466275,7.804141128404477e-05,5.819274411584167e-05,0.04487088452798279,3.3597195700146726e-06,3.3597195700146726e-06,0.0011605109892308682
0.7,0.0,1,-0.004074242115124066,0.025973335550854636,0.38996542298382425,0.021899093435730533,-0.021899093435730533,0.7290750237144769,2.547061333517243e-05,7.601265730644961e-06,0.0004504821610309751,5.44217570816421e-06,5.44217570816421e-06,0.00245619321817507
0.0,0.0,1,-0.003410672356527767,0.0276257769378726,0.018097801657133466,0.024215104581344835,-0.024215104581344835,0.5448290614109169,4.8266850021035925e-06,6.451160297277489e-06,2.829946518803597e-05,2.2274496299685163e-05,2.2274496299685163e-05,0.0008749803380438674
1.4,2.0,0,0.02367930404179223,0.024973254610001532,1.5435706680108625,0.04865255865179383,-0.04865255865179383,1.9918479929661521,0.0002650022735119296,3.647274071785193e-06,0.0021748267181097986,0.0003188370245649262,0.0003188370245649262,0.02150654343901677
0.7,2.0,0,0.026140476820516966,0.019811087041616996,0.6644189753472978,0.04595156386213403,-0.04595156386213403,2.0712603054627756,9.607087542681592e-05,0.0016362628707528501,0.011474462038349361,0.0009648732208764014,0.0009648732208764014,0.011261617931825174
0.0,2.0,0,0.030589455407203033,0.03050521890627993,0.042904985608116696,0.06109467431348303,-0.06109467431348303,2.0552007076413097,6.198607283004828e-05,1.8143903294346374e-05,9.074623132661051e-05,4.987028548619175e-05,4.987028548619175e-05,0.017200527182827108
2.0,1.4,0,0.03669680568662693,0.005835318672579667,1.9308460453455034,0.042532124359206634,-0.042532124359206634,1.7503424178467997,0.0002900271268535454,0.0006857142623486956,0.036407060638861344,0.0007288676360602207,0.0007288676360602207,0.0014272525124288961
1.4,1.4,0,0.0334802766675663,0.015648151777352032,1.469025766596614,0.04912842844491836,-0.04912842844491836,1.7592127547205714,7.101454232022339e-05,3.8775697636015506e-05,0.019025379801798137,5.072459656420301e-06,5.072459656420301e-06,0.0023935315637152585
0.7,1.4,0,0.033312249431148265,0.0192010446546966,0.6598843153669499,0.0525132940858449,-0.0525132940858449,1.6416639404961895,3.476905575896654e-05,0.000724303372158325,0.0007115062748828249,0.0005360543866292586,0.0005360543866292586,0.0014722684452345499
0.0,1.4,0,0.042699923761714366,0.003576874916900733,0.0695727756585891,0.046276798678615096,-0.046276798678615096,1.6233206171274137,7.488309397243717e-07,8.072759024471926e-05,0.00013230500669100651,7.971852771675328e-05,7.971852771675328e-05,0.00025215278193282703
2.0,0.7,0,0.010849724304776565,0.006719874980607267,1.8657005973963792,0.0175695992853838,-0.0175695992853838,1.2747582895882097,5.498630585328555e-05,0.0003737784924929,0.00022377552274788792,0.0001486726859599761,0.0001486726859599761,0.008400483780831074
1.4,0.7,0,0.0358596702827393,-0.006198048744550599,1.5146837609695913,0.02966162153818867,-0.02966162153818867,1.2974627261161424,5.347399755025547e-05,0.000503478824781186,0.0007717926976785731,0.000822316236301286,0.000822316236301286,0.0004060602689497667
0.7,0.7,0,0.034792637387651,0.006636752079984432,0.6200998711916109,0.041429389467635434,-0.041429389467635434,1.1855287438272055,5.331504370504279e-05,0.0011157072685536286,0.0007752211769776134,0.0009390145500602899,0.0009390145500602899,0.0012654716882335034
0.0,0.7,0,0.04579361435538117,0.013677130419250255,0.07072793337961554,0.059470744774631434,-0.059470744774631434,1.1799311955636662,5.231245013966497e-05,0.0004349786036610152,0.0005869577071084824,0.0002962539836336801,0.0002962539836336801,0.004259020173934557
2.0,0.0,0,0.0333055854258572,-7.03855923069336e-05,1.8356364820465911,0.03323519983355027,-0.03323519983355027,0.9506542074406545,5.493796056410585e-05,9.471059710653722e-05,0.007335638080558776,0.000291047743902709,0.000291047743902709,0.0016333217973362455
1.4,0.0,0,0.0195298285034304,0.002676177523952933,1.4612504565318203,0.0222060060273833,-0.0222060060273833,0.7904299257344874,0.00023294969301391666,0.00016937712669643098,0.014333136177394217,0.00034360590547862527,0.00034360590547862527,3.211271403774506e-05
0.7,0.0,0,0.03689235397316246,-0.0018568610779839002,0.66319047904273,0.035035492895178495,-0.035035492895178495,0.7003965200313318,1.3279243119332643e-05,0.00024026240609619794,0.005694458036204629,0.0001764706420205699,0.0001764706420205699,0.01377763775487034
0.0,0.0,0,0.03839866610296963,0.005926443661415367,0.035401188307026134,0.044325109764385064,-0.044325109764385064,0.5699613411185295,2.1227556923693487e-05,6.792645936167705e-05,0.00017343455490887735,4.1434609800159454e-05,4.1434609800159454e-05,0.002840243196746482
