,r_A,r_I,gamA,gamI
A01,0.318875833869237,0.7281251837459067,1.890862667454822,0.16043134117462304
A02,0.3654810500087775,0.8637711095499018,1.5095035811276991,0.1318440856523804
A03,0.4467866612626262,1.0822520073238946,1.2077303726812836,0.0945165126447187
A04,0.23168229799783066,0.6756030434607746,2.852125696009778,0.1940863612688947
A05,0.42110784486725117,0.948998403583666,4.401573874253929,0.17384222466327706
A06,0.4410451426072878,0.8585704239168861,9.967305305014682,0.14841174870476118
A07,0.5448700445967438,0.8506822906188974,0.9303789671367269,0.17644009436043553
A08,0.3426818972579718,0.5997747622908672,1.8130299182771255,0.9655317676040194
A09,0.5213287545507743,0.7908153141299687,3.0385757386647128,0.10021118780960787
A10,0.411379713164983,0.5257925710961685,1.3028021984464069,0.2713585778794835
A11,0.527251467995279,0.6243092560396746,1.6693008696617277,0.9243934063690892
A12,0.35576822035404637,0.45308526426336576,1.7426938454800895,0.3467877653070228
B01,0.5274062607036246,0.4744185304377749,3.466473757717626,4.077764631412854
B02,0.6285445731104097,0.5858081210809664,0.9037184876659601,0.33570208265167
B03,0.5099159186310402,0.38868597638185415,1.0802888208161685,0.4880840742879923
B04,0.3402363199737698,0.8902688067711104,1.4821416605149322,0.13110004284970955
B05,0.2416393594364868,0.827016112941346,1.1676882465235099,0.1424476797716597
B06,0.3430464509906052,1.0951455824735457,1.6697946161665453,0.11130061474520123
B07,0.2953482043963243,0.6809918975238087,1.9938537181609615,0.21078084059870375
B08,0.366153691473125,0.8272589209177352,1.5098914934683052,0.3873902353174876
B09,0.3391697566247149,0.8836869318517255,1.5962201996267074,0.14677790997615497
B10,0.40572772629125187,0.8012640348619054,11.564513030739644,0.2770858139230324
B11,0.36963040486375365,0.5736840649938179,0.6955597770814799,1.3136935074222356
B12,0.3421743425481165,0.6851560647072134,0.408798666359976,0.2864202012811192
C01,0.4889959984754779,0.5950690005885363,1.1528146847002174,6.52191060903684
C02,0.43040038883429677,0.4387514888918213,0.6000762521258217,0.42505824422666877
C03,0.48523632061396355,0.5514088176763344,0.35642775601350607,0.30739475755960843
C04,0.5083205788508218,0.4142500591275294,1.0564026024219262,0.4461240179679999
C05,0.459961226732851,0.36508776254001046,1.0198910859281813,0.3807033273397276
C06,0.428417007382247,0.32813990640456464,1.4907344214441716,47.667892467432075
C07,0.3070618715705046,1.0878760361346305,1.6697276704911188,0.12134854603080818
C08,0.3973495791807543,1.0264254279932332,1.2072089124317733,4.403632952781472
C09,0.4152236735390054,1.2156145668128924,1.172944107609781,0.09983450010086063
C10,0.4057808818995798,0.835203234693435,1.4037680032858477,0.224804079527371
C11,0.38656198732113495,0.9877479914622933,4.8749856285453745,0.33014905210781414
C12,0.2486636005756395,0.6502661967614386,0.7489450562996833,0.33640057178593125
D01,0.3046733257204118,0.5859879761202734,1.822286807402419,0.2700026004856933
D02,0.4114882169560665,0.6388398466789407,1.4254732367936458,0.6394187218842705
D03,0.29448661514532587,0.5842912747137388,2.0639662082755392,0.3599523386626112
D04,0.4060767363081824,0.4823217946061771,2.7458480024360306,0.9049677582129412
D05,0.3869144210878116,0.4972629625051167,1.6905195610534582,0.527874104731994
D06,0.37886961460497376,0.41337572928991817,2.9621126808733305,1.079056575112553
D07,0.4034889786652881,0.3016752775469197,1.7034634791545293,1.5794938164758432
D08,0.39887804915020747,0.2959446242586466,1.536046640702715,1.2383778204716005
D09,0.47442867995556565,0.35976518949553804,2.7253543734934227,2.94696100471666
D10,0.07661108720485106,0.044994822937428444,0.074099664826425,0.6361101856886116
D11,0.07228829181474272,0.03652645911450813,23.01448101917037,0.975441434664003
D12,0.10004568437850629,0.06237502321994324,14.596363667061437,14.1205464210499
E01,0.22309498123068608,0.8138682606733147,1.994090107577744,0.19783135643729788
E02,0.32784367904150125,1.060327685911317,59.58837374063773,0.12435660904391406
E03,217.87217202053924,1.0961642797749906,50.000499999999995,50.000499999999995
E04,0.28730791439187986,0.7213648702491893,36.08939592782345,0.6859834181825973
E05,0.2348618384702636,0.7180879612693349,10.45267857054382,0.26605072466334206
E06,0.2562903682249681,0.7589411002831726,2.5381335192264967,0.21721800070782935
E07,858.2985556289253,0.7507948762591351,40.42183451776437,6.9400260720076
E08,0.22331704519171933,0.5685350998592021,3.526504789638449,0.32633808211611676
E09,0.3090003711916093,0.6422200419532766,2.0762672213118774,3.03719033900184
E10,1.7220902304494021,0.3832605764244733,0.14779797645676765,0.5782047139597948
E11,0.4701452800217053,0.4975879346877702,1.2404974984004835,0.625033429676417
E12,0.5093000877179888,0.5310750678661724,1.0883410614222555,0.3875697528019143
F01,613.9272963074847,997.6864714331934,0.001,100.0
F02,0.283339092608718,3.5610729507435095,2.5039268613281354,0.0011872554004094588
F03,1000.0,602.8761042268592,0.001,50.000499999999995
F04,0.001,0.5891954034500095,50.000499999999995,0.28434025482317965
F05,500.0005,0.7603051511650538,50.000499999999995,0.19280368725368857
F06,500.0005,0.7458677934999877,0.001,50.000499999999995
F07,0.001,0.6216821003535488,0.001,50.000499999999995
F08,0.001,0.6314160583991714,0.001,0.3017661669078895
F09,0.001,1.1436880475982367,50.000499999999995,0.12775951228351726
F10,0.001,0.4436070873448691,0.001,50.000499999999995
F11,0.001,0.4813177072026243,0.001,0.43750616169623546
F12,0.001,0.4042312157063414,0.001,50.000499999999995
G01,0.007088528502740749,0.1887547363202101,0.001,2.1247812463160263
G02,0.001077684727292913,0.21396755740594725,0.001,8.361560001592691
G03,0.15502225248928259,0.18782376602873543,50.000499999999995,2.313816199207759
