"Well","Nitrite_input","Nitrate_input","Ammonium_input","Soil","Soil_ID","Sample_type","Titration_type","Unit","Concentration_M","Added_ul","Chloramphenicol","Cycloheximide","Time_point","Time"
"A01","0","2",0,"Moraine","Soil4_Moraine","Slurry","HCl_NaOH",-80,-8,20,"None","None","RBW12_T0","T0"
"A02","0","2",0,"Moraine","Soil4_Moraine","Slurry","HCl_NaOH",-100,-10,20,"None","None","RBW12_T0","T0"
"A03","0","2",0,"Moraine","Soil4_Moraine","Slurry","HCl_NaOH",-50,-5,20,"None","None","RBW12_T0","T0"
"A04","0","2",0,"Moraine","Soil4_Moraine","Slurry","HCl_NaOH",-60,-6,20,"None","None","RBW12_T0","T0"
"A05","0","2",0,"Moraine","Soil4_Moraine","Slurry","HCl_NaOH",-30,-3,20,"None","None","RBW12_T0","T0"
"A06","0","2",0,"Moraine","Soil4_Moraine","Slurry","HCl_NaOH",-40,-4,20,"None","None","RBW12_T0","T0"
"A07","0","2",0,"Moraine","Soil4_Moraine","Slurry","HCl_NaOH",-20,-2,20,"None","None","RBW12_T0","T0"
"A08","0","2",0,"Moraine","Soil4_Moraine","Slurry","HCl_NaOH",-25,-2.5,20,"None","None","RBW12_T0","T0"
"A09","0","2",0,"Moraine","Soil4_Moraine","Slurry","HCl_NaOH",-10,-1,20,"None","None","RBW12_T0","T0"
"A10","0","2",0,"Moraine","Soil4_Moraine","Slurry","HCl_NaOH",-15,-1.5,20,"None","None","RBW12_T0","T0"
"A11","0","2",0,"Moraine","Soil4_Moraine","Slurry","HCl_NaOH",0,0,20,"None","None","RBW12_T0","T0"
"A12","0","2",0,"Moraine","Soil4_Moraine","Slurry","HCl_NaOH",-5,-0.5,20,"None","None","RBW12_T0","T0"
"B01","0","2",0,"Moraine","Soil4_Moraine","Slurry","HCl_NaOH",10,1,20,"None","None","RBW12_T0","T0"
"B02","0","2",0,"Moraine","Soil4_Moraine","Slurry","HCl_NaOH",5,0.5,20,"None","None","RBW12_T0","T0"
"B03","0","2",0,"Moraine","Soil4_Moraine","Slurry","HCl_NaOH",20,2,20,"None","None","RBW12_T0","T0"
"B04","0","2",0,"Moraine","Soil4_Moraine","Slurry","HCl_NaOH",15,1.5,20,"None","None","RBW12_T0","T0"
"B05","0","2",0,"Moraine","Soil4_Moraine","Slurry","HCl_NaOH",30,3,20,"None","None","RBW12_T0","T0"
"B06","0","2",0,"Moraine","Soil4_Moraine","Slurry","HCl_NaOH",25,2.5,20,"None","None","RBW12_T0","T0"
"B07","0","2",0,"Moraine","Soil4_Moraine","Slurry","HCl_NaOH",50,5,20,"None","None","RBW12_T0","T0"
"B08","0","2",0,"Moraine","Soil4_Moraine","Slurry","HCl_NaOH",40,4,20,"None","None","RBW12_T0","T0"
"B09","0","2",0,"Moraine","Soil4_Moraine","Slurry","HCl_NaOH",80,8,20,"None","None","RBW12_T0","T0"
"B10","0","2",0,"Moraine","Soil4_Moraine","Slurry","HCl_NaOH",60,6,20,"None","None","RBW12_T0","T0"
"B11","2","0",0,"Moraine","Soil4_Moraine","Nitrite_Blank","Nitrite",0,0,20,"None","None","RBW12_T0","T0"
"B12","0","2",0,"Moraine","Soil4_Moraine","Slurry","HCl_NaOH",100,10,20,"None","None","RBW12_T0","T0"
"C01","0","2",0,"Pinhook","Soil5_Pinhook","Slurry","HCl_NaOH",-80,-8,20,"None","None","RBW12_T0","T0"
"C02","0","2",0,"Pinhook","Soil5_Pinhook","Slurry","HCl_NaOH",-100,-10,20,"None","None","RBW12_T0","T0"
"C03","0","2",0,"Pinhook","Soil5_Pinhook","Slurry","HCl_NaOH",-50,-5,20,"None","None","RBW12_T0","T0"
"C04","0","2",0,"Pinhook","Soil5_Pinhook","Slurry","HCl_NaOH",-60,-6,20,"None","None","RBW12_T0","T0"
"C05","0","2",0,"Pinhook","Soil5_Pinhook","Slurry","HCl_NaOH",-30,-3,20,"None","None","RBW12_T0","T0"
"C06","0","2",0,"Pinhook","Soil5_Pinhook","Slurry","HCl_NaOH",-40,-4,20,"None","None","RBW12_T0","T0"
"C07","0","2",0,"Pinhook","Soil5_Pinhook","Slurry","HCl_NaOH",-20,-2,20,"None","None","RBW12_T0","T0"
"C08","0","2",0,"Pinhook","Soil5_Pinhook","Slurry","HCl_NaOH",-25,-2.5,20,"None","None","RBW12_T0","T0"
"C09","0","2",0,"Pinhook","Soil5_Pinhook","Slurry","HCl_NaOH",-10,-1,20,"None","None","RBW12_T0","T0"
"C10","0","2",0,"Pinhook","Soil5_Pinhook","Slurry","HCl_NaOH",-15,-1.5,20,"None","None","RBW12_T0","T0"
"C11","0","2",0,"Pinhook","Soil5_Pinhook","Slurry","HCl_NaOH",0,0,20,"None","None","RBW12_T0","T0"
"C12","0","2",0,"Pinhook","Soil5_Pinhook","Slurry","HCl_NaOH",-5,-0.5,20,"None","None","RBW12_T0","T0"
"D01","0","2",0,"Pinhook","Soil5_Pinhook","Slurry","HCl_NaOH",10,1,20,"None","None","RBW12_T0","T0"
"D02","0","2",0,"Pinhook","Soil5_Pinhook","Slurry","HCl_NaOH",5,0.5,20,"None","None","RBW12_T0","T0"
"D03","0","2",0,"Pinhook","Soil5_Pinhook","Slurry","HCl_NaOH",20,2,20,"None","None","RBW12_T0","T0"
"D04","0","2",0,"Pinhook","Soil5_Pinhook","Slurry","HCl_NaOH",15,1.5,20,"None","None","RBW12_T0","T0"
"D05","0","2",0,"Pinhook","Soil5_Pinhook","Slurry","HCl_NaOH",30,3,20,"None","None","RBW12_T0","T0"
"D06","0","2",0,"Pinhook","Soil5_Pinhook","Slurry","HCl_NaOH",25,2.5,20,"None","None","RBW12_T0","T0"
"D07","0","2",0,"Pinhook","Soil5_Pinhook","Slurry","HCl_NaOH",50,5,20,"None","None","RBW12_T0","T0"
"D08","0","2",0,"Pinhook","Soil5_Pinhook","Slurry","HCl_NaOH",40,4,20,"None","None","RBW12_T0","T0"
"D09","0","2",0,"Pinhook","Soil5_Pinhook","Slurry","HCl_NaOH",80,8,20,"None","None","RBW12_T0","T0"
"D10","0","2",0,"Pinhook","Soil5_Pinhook","Slurry","HCl_NaOH",60,6,20,"None","None","RBW12_T0","T0"
"D11","0","2",0,"Pinhook","Soil5_Pinhook","Nitrate_Blank","Nitrate",0,0,20,"None","None","RBW12_T0","T0"
"D12","0","2",0,"Pinhook","Soil5_Pinhook","Slurry","HCl_NaOH",100,10,20,"None","None","RBW12_T0","T0"
"E01","0","2",0,"LaBagh","Soil1_LaBagh","Slurry","HCl_NaOH",-80,-8,20,"None","None","RBW12_T0","T0"
"E02","0","2",0,"LaBagh","Soil1_LaBagh","Slurry","HCl_NaOH",-100,-10,20,"None","None","RBW12_T0","T0"
"E03","0","2",0,"LaBagh","Soil1_LaBagh","Slurry","HCl_NaOH",-50,-5,20,"None","None","RBW12_T0","T0"
"E04","0","2",0,"LaBagh","Soil1_LaBagh","Slurry","HCl_NaOH",-60,-6,20,"None","None","RBW12_T0","T0"
"E05","0","2",0,"LaBagh","Soil1_LaBagh","Slurry","HCl_NaOH",-30,-3,20,"None","None","RBW12_T0","T0"
"E06","0","2",0,"LaBagh","Soil1_LaBagh","Slurry","HCl_NaOH",-40,-4,20,"None","None","RBW12_T0","T0"
"E07","0","2",0,"LaBagh","Soil1_LaBagh","Slurry","HCl_NaOH",-20,-2,20,"None","None","RBW12_T0","T0"
"E08","0","2",0,"LaBagh","Soil1_LaBagh","Slurry","HCl_NaOH",-25,-2.5,20,"None","None","RBW12_T0","T0"
"E09","0","2",0,"LaBagh","Soil1_LaBagh","Slurry","HCl_NaOH",-10,-1,20,"None","None","RBW12_T0","T0"
"E10","0","2",0,"LaBagh","Soil1_LaBagh","Slurry","HCl_NaOH",-15,-1.5,20,"None","None","RBW12_T0","T0"
"E11","0","2",0,"LaBagh","Soil1_LaBagh","Slurry","HCl_NaOH",0,0,20,"None","None","RBW12_T0","T0"
"E12","0","2",0,"LaBagh","Soil1_LaBagh","Slurry","HCl_NaOH",-5,-0.5,20,"None","None","RBW12_T0","T0"
"F01","0","2",0,"LaBagh","Soil1_LaBagh","Slurry","HCl_NaOH",10,1,20,"None","None","RBW12_T0","T0"
"F02","0","2",0,"LaBagh","Soil1_LaBagh","Slurry","HCl_NaOH",5,0.5,20,"None","None","RBW12_T0","T0"
"F03","0","2",0,"LaBagh","Soil1_LaBagh","Slurry","HCl_NaOH",20,2,20,"None","None","RBW12_T0","T0"
"F04","0","2",0,"LaBagh","Soil1_LaBagh","Slurry","HCl_NaOH",15,1.5,20,"None","None","RBW12_T0","T0"
"F05","0","2",0,"LaBagh","Soil1_LaBagh","Slurry","HCl_NaOH",30,3,20,"None","None","RBW12_T0","T0"
"F06","0","2",0,"LaBagh","Soil1_LaBagh","Slurry","HCl_NaOH",25,2.5,20,"None","None","RBW12_T0","T0"
"F07","0","2",0,"LaBagh","Soil1_LaBagh","Slurry","HCl_NaOH",50,5,20,"None","None","RBW12_T0","T0"
"F08","0","2",0,"LaBagh","Soil1_LaBagh","Slurry","HCl_NaOH",40,4,20,"None","None","RBW12_T0","T0"
"F09","0","2",0,"LaBagh","Soil1_LaBagh","Slurry","HCl_NaOH",80,8,20,"None","None","RBW12_T0","T0"
"F10","0","2",0,"LaBagh","Soil1_LaBagh","Slurry","HCl_NaOH",60,6,20,"None","None","RBW12_T0","T0"
"F11","2","0",0,"LaBagh","Soil1_LaBagh","Nitrite_Blank","Nitrite",0,0,20,"None","None","RBW12_T0","T0"
"F12","0","2",0,"LaBagh","Soil1_LaBagh","Slurry","HCl_NaOH",100,10,20,"None","None","RBW12_T0","T0"
"G01","0","2",0,"Orland","Soil2_Orland","Slurry","HCl_NaOH",-80,-8,20,"None","None","RBW12_T0","T0"
"G02","0","2",0,"Orland","Soil2_Orland","Slurry","HCl_NaOH",-100,-10,20,"None","None","RBW12_T0","T0"
"G03","0","2",0,"Orland","Soil2_Orland","Slurry","HCl_NaOH",-50,-5,20,"None","None","RBW12_T0","T0"
"G04","0","2",0,"Orland","Soil2_Orland","Slurry","HCl_NaOH",-60,-6,20,"None","None","RBW12_T0","T0"
"G05","0","2",0,"Orland","Soil2_Orland","Slurry","HCl_NaOH",-30,-3,20,"None","None","RBW12_T0","T0"
"G06","0","2",0,"Orland","Soil2_Orland","Slurry","HCl_NaOH",-40,-4,20,"None","None","RBW12_T0","T0"
"G07","0","2",0,"Orland","Soil2_Orland","Slurry","HCl_NaOH",-20,-2,20,"None","None","RBW12_T0","T0"
"G08","0","2",0,"Orland","Soil2_Orland","Slurry","HCl_NaOH",-25,-2.5,20,"None","None","RBW12_T0","T0"
"G09","0","2",0,"Orland","Soil2_Orland","Slurry","HCl_NaOH",-10,-1,20,"None","None","RBW12_T0","T0"
"G10","0","2",0,"Orland","Soil2_Orland","Slurry","HCl_NaOH",-15,-1.5,20,"None","None","RBW12_T0","T0"
"G11","0","2",0,"Orland","Soil2_Orland","Slurry","HCl_NaOH",0,0,20,"None","None","RBW12_T0","T0"
"G12","0","2",0,"Orland","Soil2_Orland","Slurry","HCl_NaOH",-5,-0.5,20,"None","None","RBW12_T0","T0"
"H01","0","2",0,"Orland","Soil2_Orland","Slurry","HCl_NaOH",10,1,20,"None","None","RBW12_T0","T0"
"H02","0","2",0,"Orland","Soil2_Orland","Slurry","HCl_NaOH",5,0.5,20,"None","None","RBW12_T0","T0"
"H03","0","2",0,"Orland","Soil2_Orland","Slurry","HCl_NaOH",20,2,20,"None","None","RBW12_T0","T0"
"H04","0","2",0,"Orland","Soil2_Orland","Slurry","HCl_NaOH",15,1.5,20,"None","None","RBW12_T0","T0"
"H05","0","2",0,"Orland","Soil2_Orland","Slurry","HCl_NaOH",30,3,20,"None","None","RBW12_T0","T0"
"H06","0","2",0,"Orland","Soil2_Orland","Slurry","HCl_NaOH",25,2.5,20,"None","None","RBW12_T0","T0"
"H07","0","2",0,"Orland","Soil2_Orland","Slurry","HCl_NaOH",50,5,20,"None","None","RBW12_T0","T0"
"H08","0","2",0,"Orland","Soil2_Orland","Slurry","HCl_NaOH",40,4,20,"None","None","RBW12_T0","T0"
"H09","0","2",0,"Orland","Soil2_Orland","Slurry","HCl_NaOH",80,8,20,"None","None","RBW12_T0","T0"
"H10","0","2",0,"Orland","Soil2_Orland","Slurry","HCl_NaOH",60,6,20,"None","None","RBW12_T0","T0"
"H11","0","2",0,"Orland","Soil2_Orland","Nitrate_Blank","Nitrate",0,0,20,"None","None","RBW12_T0","T0"
"H12","0","2",0,"Orland","Soil2_Orland","Slurry","HCl_NaOH",100,10,20,"None","None","RBW12_T0","T0"
