,0.0,1.0833333333333333,2.4166666666666665,5.5,8.466666666666667,17.65,22.666666666666668,27.433333333333334,32.45,41.583333333333336
A01,2.1263263185517562,2.146802452156918,2.1646239839892494,2.4452983440175906,3.1886408074157115,3.678150250251275,3.1708445531958622,2.3202007456329095,1.679036413368265,0.02535752287027494
A02,2.366278941044583,2.3291836263321737,2.4537704505073776,2.439878009941132,2.9531834670590684,3.7043428838752317,3.1362339797496945,2.6700197059948123,1.8068499041854795,0.02110972379586283
A03,2.2423239538334,2.2286833274116304,2.2538471346383435,2.4209179729832235,3.1170835246976925,3.521011730843813,3.1777504318882555,2.2216428692939734,1.7938152147742912,0.019390597806889252
A04,1.8116714643988785,1.7113003121226384,1.870054747839468,1.8924847465202812,2.5505980924528293,2.8800326772019966,2.4238511329667753,1.6710868695482235,0.808312358606216,0.01787382778503817
A05,1.6399703127989829,1.7507148623132993,1.6912386845261382,1.9446928813963011,2.5944611375277686,2.8181816353782385,2.316833161345602,1.3402447385748606,0.5274285460123437,0.014436183020194145
A06,1.9150485020237604,1.700612985237636,1.7684258364365508,1.904809299512439,2.6073195488350227,3.0033744139673924,2.600718653920408,1.7880124024060273,1.0245856866279788,0.016761592826612836
A07,0.9842433848843501,1.0397065363193967,1.0790903009444412,1.2727937255382504,1.8103563856662217,2.0778860129603105,1.4811705350904467,0.5194691622990495,0.015851622086620002,0.019491719336458532
A08,1.2170624962238465,1.1038999181698737,1.238505481523935,1.3322039484804509,2.225553943215013,2.453657466334999,1.7476551880376303,0.8314593523257996,0.015952728183186337,0.01605383472059828
A09,1.1914862920203029,1.1489251938414196,1.151051297937034,1.4362119630618144,2.325365429810326,2.3506459013435945,1.9028280868690925,0.9158711269107715,0.025762115763466285,0.015851622086620002
A10,0.5124424175804656,0.5553601732854145,0.5990853984954471,0.6375962775705464,1.1596641164425587,1.9701826080114486,1.5024423500122257,0.859561179176314,0.2966034236176092,0.012818644153951236
A11,0.5824971668201141,0.5469770695711753,0.5844663828108079,0.740997409840475,1.5191937247583434,1.896665492269674,1.46757612686021,0.6931426896183155,0.027987502927720006,0.013728495883713051
A12,0.4047302438027481,0.6081103605197271,0.6169313347478216,0.7494529471968937,1.3852204715747127,2.1336687300084027,1.5015781138176663,0.6569283733984997,0.013020830342419725,0.015750516430895107
B01,0.026369018345511298,0.02738055796470472,0.03942126975909361,0.15162990936437756,0.7997299639575548,1.5579335442122433,0.9298656014715765,0.22364527089120514,0.01069579558710268,0.012212096164346683
B02,0.028392141733627422,0.02717824650907027,0.03932006123172933,0.15925877517534187,0.8261156133464687,1.520274902988879,1.014968692641912,0.37318314410036657,0.005945362229973686,0.014638383311640702
B03,0.031730681485920925,0.027684028459396083,0.041040666338226436,0.15580004312137458,0.815536678621192,1.475882810113644,0.8759352445156947,0.2116100523686542,0.005945362229973686,0.006551746364594983
B04,2.397918298600966,2.140791088429054,2.1781115485728435,2.2072340589827006,2.6852105110119857,2.999312777362912,2.441458794543259,1.7963339057639496,0.9564055887741201,0.007360283201618165
B05,2.326263766171442,2.2585477269294203,2.0945387132175908,2.299891224324756,2.787613456173117,2.9846976411054444,2.3991578285897366,1.811890652047396,0.9833993029170002,0.009684983604957072
B06,2.374381243356148,2.299891224324756,2.2641450459272705,2.3522199213244366,3.092355079867674,2.912010921595506,2.2149398666544156,1.5792808680550414,0.4610480145954553,0.008370993880213553
B07,1.696034327936506,1.745360718623684,1.6735912036414686,1.760443154733816,2.3686417870880208,2.369541989399747,1.719810351482391,1.0343126025744465,0.16475312270060005,0.009381748600086387
B08,1.849843976852901,1.7426295272540102,1.7504962996796238,1.7436127161054271,2.315261807802953,2.4509460307279727,1.8731319786663776,1.2258078543263111,0.5354941476841548,0.007057078585225464
B09,1.8025771566398938,1.7340012461022538,1.7106458332710675,1.8029057992424369,2.2042195126366284,2.43321745380012,1.8182480710686035,1.3800634194806407,0.5744148126583324,0.007865633036115902
B10,1.146586716031498,1.1667908433371341,1.158706970442374,1.2756802278957557,1.8964454325692905,2.076221464824495,1.4849482696635838,0.8426748763441505,0.040737020855915435,0.00857314130070168
B11,1.2670218602366758,1.2800641618767732,1.155623115974447,1.3004984433265392,2.008419367681137,1.9717284234105694,1.276963239800246,0.586850399983005,0.007057078585225464,0.006956011260445986
B12,1.224634494450625,1.1410603901159315,1.2381852830877813,1.2668081166115817,1.86192420217616,1.9980245253472644,1.3273808929962236,0.5820826168750416,0.010594712406528439,0.013324112930221363
C01,0.6168275385552743,0.5263947019753498,0.6235752834721174,0.746216501298912,1.4900222613798118,1.4928296598387347,0.8759352445156947,0.1255074551974448,0.010190384089572384,0.013324112930221363
C02,0.6123647534035436,0.5457353920593309,0.5583622858181199,0.6466366471447857,1.2921512514997182,1.465850461113879,0.8163744317522937,0.15030782933592035,0.007865633036115902,0.009684983604957072
C03,0.6285595281696044,0.603545561487848,0.5953519852274978,0.6861658660068272,1.2351969893968646,1.3812451362801688,0.8315641442800843,0.20396382245743377,0.014537282945534184,0.010089303111639445
C04,0.028695625474368693,0.026369018345511298,0.040737020855915435,0.1486807579895105,0.743711186048907,1.020674977328428,0.46723395627055325,0.00907851755944447,0.005945362229973686,0.009179594132532092
C05,0.027279402016139848,0.022525570336261635,0.03365308924947698,0.15793625750955428,0.76073195236334,0.9874089778761408,0.37688022181511727,0.009280671146073846,0.006956011260445986,0.008269920830588216
C06,0.03375427302366901,0.02151424255535589,0.04144553317323797,0.1454269597222871,0.726599005289043,0.961359010896154,0.3735939009485304,0.00857314130070168,0.005945362229973686,0.007461352287781038
C07,2.4551263085634027,2.313802799631555,2.2023216869238507,2.3254777197416883,2.710134078691806,2.265040755816883,1.52211302971027,0.7202374317811329,0.005945362229973686,0.008876365734627445
C08,2.3851892181062713,2.105425576009689,2.152258693611258,2.142906002246902,2.5869546247974555,2.3331148523733436,1.6529119539042327,1.0103202120974406,0.17136842746674164,0.007764562188469684
C09,2.417534071917097,2.2393043619402566,2.1985265498902633,2.2865492995774286,2.701327339455915,2.4392005676647335,1.7748797657644442,0.954192714047994,0.13881909509202517,0.008472067370247211
C10,1.8531379059251503,1.6394267163854137,1.6926554678973569,1.8133154265078284,2.607774860945822,1.8814867009340983,0.1808367072822591,0.00907851755944447,0.007360283201618165,0.008370993880213553
C11,1.9149383768805162,1.721010756460203,1.6999588316512237,1.8183576983142704,2.3724679155672908,1.8341498929175402,1.1219414798914908,0.32117940774039755,0.006450681241415642,0.008977441426815138
C12,1.779146989723083,1.6982145193638043,1.666623344025652,1.7617551722776383,2.1914961959438592,0.626690307464068,0.01362739948427995,0.010493629666495783,0.01099904777211241,0.013020830342419725
D01,1.0443611812051832,1.0756996947738027,1.1287374175980345,1.1604085920638763,1.6236683767006217,1.3797411441856609,0.6600480059014008,0.014233984491780186,0.012919737027848053,0.019087235864400334
D02,1.2893695607485232,1.1850968828030255,1.1136617575297347,1.1422293051556083,1.870054747839468,1.3370280677375228,0.6917888085114855,0.010594712406528439,0.005945362229973686,0.008674215671576963
D03,1.2889416396633653,1.1786028835189235,1.2178089153837812,1.2763217244643514,1.9585925775512778,1.3580522115899103,0.538079883792547,0.00857314130070168,0.005945362229973686,0.009988222574218941
D04,0.6310520632188134,0.6130911932353934,0.581460806200616,0.6901226050679364,1.4418132389228329,0.6495469621382645,0.011504476891797627,0.00877529048288555,0.005945362229973686,0.007663491781202633
D05,0.5832226475041629,0.6054128678272777,0.6226408600661502,0.7264947026831234,1.3896264189881846,0.7085618495108443,0.010089303111639445,0.008168848221375358,0.005945362229973686,0.009988222574218941
D06,0.6390508051663513,0.6109119438108359,0.6309482020968471,0.7109590192411057,1.473401260465121,0.6923095223782749,0.00978606282088192,0.00907851755944447,0.005945362229973686,0.007461352287781038
D07,0.039016438302685454,0.02586326509025977,0.0469119282423389,0.19081824964057253,0.8696361064639608,0.24017847193368966,0.012616459728144692,0.008977441426815138,0.005945362229973686,0.005945362229973686
D08,0.03881402522748244,0.027684028459396083,0.04994937202873362,0.19632013360808442,0.9437635532928657,0.12997768384262245,0.013223018293600133,0.009482826494565553,0.005945362229973686,0.005945362229973686
D09,0.035778041306126364,0.02859446378589023,0.0482281049649122,0.15051122132847647,0.7347361002676712,0.24936872903315752,0.11494490059778628,0.005945362229973686,0.005945362229973686,0.010392547366996388
D10,0.03324835857122257,0.020907467062972418,0.03152833205132538,0.02394150335578072,0.028897950176048882,0.02657132273765,0.10509764039773858,0.005945362229973686,0.005945362229973686,0.007158146350342461
D11,0.026369018345511298,0.017368259826444247,0.034361384948101904,0.01969396371874195,0.021210852824013735,1.1111147749076395,0.009482826494565553,0.006147488513686172,0.005945362229973686,0.008472067370247211
D12,0.02303125077210151,0.019087235864400334,0.031427157996630796,0.020604085272082,0.02818982144758734,0.04954435650224681,0.01160556403748354,0.011807739650655041,0.007360283201618165,0.011100132714902974
E01,2.2835233244512017,1.7250489746322617,2.1330011323347424,2.0856556389835514,2.2048893744266094,1.6853545828427452,1.0002870389008136,0.19632013360808442,0.012414277064958444,0.013930690004745417
E02,2.343789057542845,2.128439780866839,2.1691931817896055,2.29271467742873,2.5967363781879893,1.801372176937861,1.1147230869631697,0.2723604853412017,0.010796879208218507,0.008168848221375358
E03,2.020147330069935,1.8158364138236782,2.101981165137961,2.1056478153751494,2.344800581279248,1.7636140012320036,1.1133433686427496,0.42067452698889146,0.008674215671576963,0.008472067370247211
E04,1.7037750081430436,1.638448277370156,1.626601816272144,1.752791318397867,2.0610246560154883,1.2373314434093643,0.4721839216125211,0.007663491781202633,0.005945362229973686,0.00907851755944447
E05,1.7308347723156745,1.6742445560948602,1.6592224623060279,1.7473273916710397,1.9211062624198394,1.2042706774180743,0.5536004992061598,0.005945362229973686,0.006147488513686172,0.008067776052562491
E06,1.6293183196455905,1.65682860363235,1.6188888108323312,1.7468903376385279,2.09398341156839,1.2232478771675286,0.39958930466274073,0.011807739650655041,0.005945362229973686,0.006450681241415642
E07,1.1407416058529982,1.0940363522969063,1.0909615165612256,1.113767888178482,1.4261978888727507,0.6088366635739612,0.012414277064958444,0.007865633036115902,0.005945362229973686,0.006652811928078524
E08,1.1086741920591068,1.179454446465715,1.1814770404318282,1.2472593802180514,1.6545438047818772,0.5978408588989466,0.010796879208218507,0.006956011260445986,0.008370993880213553,0.007158146350342461
E09,1.1960665096858014,1.0397065363193967,1.0659545946312088,1.164237721051478,1.424044926078871,0.5253609050671559,0.013526303525555023,0.005945362229973686,0.007764562188469684,0.005945362229973686
E10,0.520192627232622,0.5811499072724481,0.5748292221369815,0.6507943549561606,1.0315632589907595,0.16729724587734074,0.010190384089572384,0.00857314130070168,0.007966704324145448,0.008269920830588216
E11,0.6178655219455357,0.554532074336166,0.592552329802448,0.7372404147027191,0.9988088492678651,0.08348899137652008,0.015143891753837057,0.00857314130070168,0.006248552315969567,0.009482826494565553
E12,0.5214329065170269,0.5727572506266773,0.57493282569243,0.6648322810180068,1.0353701332043472,0.1240852912874523,0.012717551720716784,0.010392547366996388,0.01200991702625943,0.014233984491780186
F01,0.02515522907199509,0.02687478263675417,0.04154675098773333,0.1456303086625927,0.46486247973152867,0.01959284130707332,0.016154941698859997,0.013324112930221363,0.019491719336458532,0.016357156977953563
F02,0.033956641897638425,0.026773628895590804,0.040230953897222005,0.15203671847361638,0.47878555256429656,0.015851622086620002,0.012212096164346683,0.012212096164346683,0.007057078585225464,0.007562421814310582
F03,0.04144553317323797,0.031730681485920925,0.04357120016997031,0.1766620395813091,0.46486247973152867,0.015346098216268362,0.01160556403748354,0.007360283201618165,0.007865633036115902,0.010594712406528439
F04,1.9189032409846551,2.245455841969469,2.1812338707573007,2.1791151015654324,2.0404099565809246,1.2567645142893142,0.4307611887380298,0.008370993880213553,0.006349616558544668,0.009280671146073846
F05,1.988297799308775,2.087765030756209,2.0585853102812104,2.1433512743230088,2.024131888919265,1.3771631131263584,0.646220918510733,0.005945362229973686,0.007360283201618165,0.009684983604957072
F06,1.9895133961804679,2.1851374257189793,2.0742241801485544,2.1301084534637913,1.9539583353140357,1.2730075274992951,0.47455616202240086,0.00857314130070168,0.005945362229973686,0.007764562188469684
F07,1.657372639068202,1.5654081293249815,1.6252980161206685,1.5590166574855915,1.4613212401590907,0.7765111819531013,0.017974942699599462,0.01099904777211241,0.006349616558544668,0.012111006374990617
F08,1.6372524677440403,1.7839623142282997,1.624537502409861,1.7474366565701578,1.5507863553779464,0.7566583245339003,0.016660483203123383,0.011403390186699114,0.008472067370247211,0.008977441426815138
F09,1.63638282965906,1.668365097578116,1.601083381317413,1.6097671226383947,1.5024423500122257,0.7244087521929536,0.02151424255535589,0.010392547366996388,0.009887142477302543,0.00877529048288555
F10,1.0301887150316524,1.063836662180466,1.1502008317030417,1.13479181149415,0.9659972570837217,0.12530428355913373,0.014941687054600774,0.009887142477302543,0.007562421814310582,0.007562421814310582
F11,1.0543084722315965,1.1424418418167912,1.1467992946787378,1.1156783270543127,1.0216261674872085,0.1461386888591416,0.01645826527880208,0.011302303922188,0.010493629666495783,0.011100132714902974
F12,1.234556693630424,1.126932042608483,1.1823287145185362,1.18903679931071,0.993530403660245,0.05055690860226843,0.015750516430895107,0.01160556403748354,0.013526303525555023,0.01200991702625943
G01,0.5327018839267974,0.5788701123353903,0.5465631695066047,0.5465631695066047,0.40524440147402874,0.018884996774538105,0.014132885888693773,0.014233984491780186,0.015447202108694118,0.017064924342438028
G02,0.6116383369294436,0.5501850514743505,0.5269116181023459,0.5614683383332382,0.37400466518690745,0.014335083535608091,0.009684983604957072,0.012414277064958444,0.012616459728144692,0.012818644153951236
G03,0.5096529900145339,0.5292895840640749,0.5191591129619232,0.4994280209014939,0.3523469293651561,0.014638383311640702,0.01362739948427995,0.006349616558544668,0.010190384089572384,0.012717551720716784
G04,0.03972489799433952,0.026369018345511298,0.03800439061225721,0.028695625474368693,0.02748171435476072,0.013930690004745417,0.010594712406528439,0.009482826494565553,0.007764562188469684,0.01160556403748354
G05,0.03800439061225721,0.02990960018041444,0.034057826997428306,0.028796787604421573,0.031427157996630796,0.014840585366169832,0.010796879208218507,0.007562421814310582,0.013020830342419725,0.01342520800753827
G06,0.04539335574163271,0.03243891842232187,0.0445834911217733,0.030314272547814557,0.034563759124691756,0.02191876837344706,0.015851622086620002,0.011706651623769344,0.011302303922188,0.013223018293600133
G07,1.979459189139324,2.034096567089565,2.018265993330644,2.20991401911692,2.6240588860451446,3.435200955574056,2.2279009375944407,1.7917347804589285,0.7889542950661643,0.012111006374990617
G08,2.04583876210171,1.9775814586053786,1.8707141170786725,2.148027199615627,2.3550309668512375,3.0393846220005827,1.9996829350898018,1.7216655510834307,0.7843526754733267,0.011403390186699114
G09,2.007976930118495,1.9945975561306104,2.046281991395239,2.170530695742899,2.5974189993725068,3.3083570150627444,2.270415819982682,1.9008470584772952,0.8114530809292608,0.02009845777605899
G10,0.0548101110543711,0.0445834911217733,0.06048226351186941,0.21823884235509955,1.0486993440882846,1.3299530569166733,0.45074184902486997,0.02353694223916837,0.018480523886914152,0.020907467062972418
G11,0.04681068697753427,0.03506970229965758,0.052987214325772296,0.14268192452320724,0.7923015209253846,1.384253431465816,0.581460806200616,0.051468243353619894,0.022019900930919926,0.024750646771825507
G12,0.03426019852265588,0.031831856865838545,0.04549459081043132,0.17625479544673367,0.9115588122981122,1.4531279043467313,0.6268979910113232,0.03557565652304625,0.02515522907199509,0.024548358269848317
H01,2.089319454273531,2.286325138260335,2.3775329899493105,2.2500426655771713,2.14390787765686,1.273435137674376,0.12662493118085255,0.016660483203123383,0.014840585366169832,0.01564941121600333
H02,2.4762665562535195,2.3567177761039892,2.2807218858236746,2.305723983293549,2.1381199218309894,1.1662589184693495,0.24222043341427107,0.011302303922188,0.011403390186699114,0.015143891753837057
H03,2.1086482759588048,2.152704163510007,2.2733278894001376,2.046614419458746,2.0363115770370634,1.227834714396983,0.2973198498575024,0.01362739948427995,0.015548306441936333,0.014233984491780186
H04,1.0392834352539857,1.1490314941785522,1.0953088232058126,1.0902193788862573,0.9571432625959803,0.01362739948427995,0.012414277064958444,0.014840585366169832,0.015952728183186337,0.016761592826612836
H05,0.9822387425623249,1.1894627784650167,1.1841386313243212,1.1187566039528953,0.950189023875282,0.016256049117975648,0.01645826527880208,0.01645826527880208,0.01716603572952647,0.01655937402052535
H06,1.2322091021251087,1.036110434662582,1.1201366604669232,1.116209033844278,0.9270239067227433,0.017570485687065127,0.016357156977953563,0.016761592826612836,0.01746937253629024,0.01645826527880208
H07,0.01069579558710268,0.00907851755944447,0.014233984491780186,0.019491719336458532,0.016154941698859997,0.016761592826612836,0.01645826527880208,0.012616459728144692,0.012313186394335958,0.012919737027848053
H08,0.012616459728144692,0.00857314130070168,0.013829592723866819,0.02232330125050282,0.017570485687065127,0.01827829008906081,0.01645826527880208,0.014335083535608091,0.014638383311640702,0.012818644153951236
H09,0.02818982144758734,0.008067776052562491,0.015952728183186337,0.024952937039192498,0.02232330125050282,0.022727841186897992,0.022626705540965436,0.015447202108694118,0.018783877891129442,0.01787382778503817
H10,1.217702282523788,1.3743705897143286,1.1743455625384418,1.1525396927707965,1.215143249013315,1.2155697339165938,1.3315608129688206,1.195427352324892,1.2097062913884162,1.2152498694636547
H11,1.1141924158724572,1.1789222157657195,1.1797737910592452,1.1720043866512697,1.1470118753747138,1.2110920549100208,1.1063399737306192,1.205442951144984,1.2470458289710353,1.1354292127359755
H12,1.1265072699483516,1.0900073441250286,1.1551977905863298,1.227728032890772,1.2268745994835333,1.2373314434093643,1.1877589112990985,1.203311590828012,1.2486475139528936,1.146586716031498
