,Ammonia
A01,2
A02,2
A03,2
A04,
A05,
A06,
A07,
A08,
A09,
A10,
A11,
A12,
B01,1
B02,1
B03,1
B04,
B05,
B06,
B07,
B08,
B09,
B10,
B11,
B12,
C01,0.5
C02,0.5
C03,0.5
C04,
C05,
C06,
C07,
C08,
C09,
C10,
C11,
C12,
D01,0.25
D02,0.25
D03,0.25
D04,
D05,
D06,
D07,
D08,
D09,
D10,
D11,
D12,
E01,0.125
E02,0.125
E03,0.125
E04,
E05,
E06,
E07,
E08,
E09,
E10,
E11,
E12,
F01,0.0625
F02,0.0625
F03,0.0625
F04,
F05,
F06,
F07,
F08,
F09,
F10,
F11,
F12,
G01,0.03125
G02,0.03125
G03,0.03125
G04,
G05,
G06,
G07,
G08,
G09,
G10,
G11,
G12,
H01,0
H02,0
H03,0
H04,
H05,
H06,
H07,
H08,
H09,
H10,
H11,
H12,