Well,Nitrite_input,Nitrate_input,Ammonium_input,Soil,Soil_ID,Sample_type,Titration_type,Unit,Concentration_M,Added_ul,Chloramphenicol,Cycloheximide,Time_point,Time
A01,2,2,0,LBW2,,Slurry,,,,,None,None,,
A02,2,1,0,LBW2,,Slurry,,,,,None,None,,
A03,2,2,0,LBW2,,Slurry,,,,,None,None,,
A04,2,1,0,LBW2,,Slurry,,,,,None,None,,
A05,2,2,0,LBW2,,Slurry,,,,,None,None,,
A06,2,1,0,LBW2,,Slurry,,,,,None,None,,
A07,2,0.5,0,LBW2,,Slurry,,,,,None,None,,
A08,2,0,0,LBW2,,Slurry,,,,,None,None,,
A09,2,0.5,0,LBW2,,Slurry,,,,,None,None,,
A10,2,0,0,LBW2,,Slurry,,,,,None,None,,
A11,2,0.5,0,LBW2,,Slurry,,,,,None,None,,
A12,2,0,0,LBW2,,Slurry,,,,,None,None,,
B01,1,2,0,LBW2,,Slurry,,,,,None,None,,
B02,1,1,0,LBW2,,Slurry,,,,,None,None,,
B03,1,2,0,LBW2,,Slurry,,,,,None,None,,
B04,1,1,0,LBW2,,Slurry,,,,,None,None,,
B05,1,2,0,LBW2,,Slurry,,,,,None,None,,
B06,1,1,0,LBW2,,Slurry,,,,,None,None,,
B07,1,0.5,0,LBW2,,Slurry,,,,,None,None,,
B08,1,0,0,LBW2,,Slurry,,,,,None,None,,
B09,1,0.5,0,LBW2,,Slurry,,,,,None,None,,
B10,1,0,0,LBW2,,Slurry,,,,,None,None,,
B11,1,0.5,0,LBW2,,Slurry,,,,,None,None,,
B12,1,0,0,LBW2,,Slurry,,,,,None,None,,
C01,0.5,2,0,LBW2,,Slurry,,,,,None,None,,
C02,0.5,1,0,LBW2,,Slurry,,,,,None,None,,
C03,0.5,2,0,LBW2,,Slurry,,,,,None,None,,
C04,0.5,1,0,LBW2,,Slurry,,,,,None,None,,
C05,0.5,2,0,LBW2,,Slurry,,,,,None,None,,
C06,0.5,1,0,LBW2,,Slurry,,,,,None,None,,
C07,0.5,0.5,0,LBW2,,Slurry,,,,,None,None,,
C08,0,2,0,LBW2,,Slurry,,,,,None,None,,
C09,0.5,0.5,0,LBW2,,Slurry,,,,,None,None,,
C10,0,2,0,LBW2,,Slurry,,,,,None,None,,
C11,0.5,0.5,0,LBW2,,Slurry,,,,,None,None,,
C12,0,2,0,LBW2,,Slurry,,,,,None,None,,
D01,0,1,0,LBW2,,Slurry,,,,,None,None,,
D02,0,0,0,LBW2,,Slurry,,,,,None,None,,
D03,0,1,0,LBW2,,Slurry,,,,,None,None,,
D04,0,0,0,LBW2,,Slurry,,,,,None,None,,
D05,0,1,0,LBW2,,Slurry,,,,,None,None,,
D06,0,0,0,LBW2,,Slurry,,,,,None,None,,
D07,2,0,0,,,Nitrite_Blank,,,,,None,None,,
D08,0,2,0,,,Nitrate_Blank,,,,,None,None,,
D09,2,0,0,,,Nitrite_Blank,,,,,None,None,,
D10,0,2,0,,,Nitrate_Blank,,,,,None,None,,
D11,2,0,0,,,Nitrite_Blank,,,,,None,None,,
D12,0,2,0,,,Nitrate_Blank,,,,,None,None,,
E01,2,2,0,ELG_10 VC,,Slurry,,,,,None,None,,
E02,2,1,0,ELG_10 VC,,Slurry,,,,,None,None,,
E03,2,2,0,ELG_10 VC,,Slurry,,,,,None,None,,
E04,2,1,0,ELG_10 VC,,Slurry,,,,,None,None,,
E05,2,2,0,ELG_10 VC,,Slurry,,,,,None,None,,
E06,2,1,0,ELG_10 VC,,Slurry,,,,,None,None,,
E07,2,0.5,0,ELG_10 VC,,Slurry,,,,,None,None,,
E08,2,0,0,ELG_10 VC,,Slurry,,,,,None,None,,
E09,2,0.5,0,ELG_10 VC,,Slurry,,,,,None,None,,
E10,2,0,0,ELG_10 VC,,Slurry,,,,,None,None,,
E11,2,0.5,0,ELG_10 VC,,Slurry,,,,,None,None,,
E12,2,0,0,ELG_10 VC,,Slurry,,,,,None,None,,
F01,1,2,0,ELG_10 VC,,Slurry,,,,,None,None,,
F02,1,1,0,ELG_10 VC,,Slurry,,,,,None,None,,
F03,1,2,0,ELG_10 VC,,Slurry,,,,,None,None,,
F04,1,1,0,ELG_10 VC,,Slurry,,,,,None,None,,
F05,1,2,0,ELG_10 VC,,Slurry,,,,,None,None,,
F06,1,1,0,ELG_10 VC,,Slurry,,,,,None,None,,
F07,1,0.5,0,ELG_10 VC,,Slurry,,,,,None,None,,
F08,1,0,0,ELG_10 VC,,Slurry,,,,,None,None,,
F09,1,0.5,0,ELG_10 VC,,Slurry,,,,,None,None,,
F10,1,0,0,ELG_10 VC,,Slurry,,,,,None,None,,
F11,1,0.5,0,ELG_10 VC,,Slurry,,,,,None,None,,
F12,1,0,0,ELG_10 VC,,Slurry,,,,,None,None,,
G01,0.5,2,0,ELG_10 VC,,Slurry,,,,,None,None,,
G02,0.5,1,0,ELG_10 VC,,Slurry,,,,,None,None,,
G03,0.5,2,0,ELG_10 VC,,Slurry,,,,,None,None,,
G04,0.5,1,0,ELG_10 VC,,Slurry,,,,,None,None,,
G05,0.5,2,0,ELG_10 VC,,Slurry,,,,,None,None,,
G06,0.5,1,0,ELG_10 VC,,Slurry,,,,,None,None,,
G07,0.5,0.5,0,ELG_10 VC,,Slurry,,,,,None,None,,
G08,0,2,0,ELG_10 VC,,Slurry,,,,,None,None,,
G09,0.5,0.5,0,ELG_10 VC,,Slurry,,,,,None,None,,
G10,0,2,0,ELG_10 VC,,Slurry,,,,,None,None,,
G11,0.5,0.5,0,ELG_10 VC,,Slurry,,,,,None,None,,
G12,0,2,0,ELG_10 VC,,Slurry,,,,,None,None,,
H01,0,1,0,ELG_10 VC,,Slurry,,,,,None,None,,
H02,0,0,0,ELG_10 VC,,Slurry,,,,,None,None,,
H03,0,1,0,ELG_10 VC,,Slurry,,,,,None,None,,
H04,0,0,0,ELG_10 VC,,Slurry,,,,,None,None,,
H05,0,1,0,ELG_10 VC,,Slurry,,,,,None,None,,
H06,0,0,0,ELG_10 VC,,Slurry,,,,,None,None,,
H07,2,0,0,,,Nitrite_Blank,,,,,None,None,,
H08,0,2,0,,,Nitrate_Blank,,,,,None,None,,
H09,2,0,0,,,Nitrite_Blank,,,,,None,None,,
H10,0,2,0,,,Nitrate_Blank,,,,,None,None,,
H11,2,0,0,,,Nitrite_Blank,,,,,None,None,,
H12,0,2,0,,,Nitrate_Blank,,,,,None,None,,