Well,Nitrate_input,Nitrite_input,Chloramphenicol,Sample_type
A01,2,2,0,
A02,2,2,0,
A03,2,2,0,
A04,2,1.5,0,
A05,2,1.5,0,
A06,2,1.5,0,
A07,2,1,0,
A08,2,1,0,
A09,2,1,0,
A10,2,0.5,0,
A11,2,0.5,0,
A12,2,0.5,0,
B01,2,0,0,
B02,2,0,0,
B03,2,0,0,
B04,1,2,0,
B05,1,2,0,
B06,1,2,0,
B07,1,1.5,0,
B08,1,1.5,0,
B09,1,1.5,0,
B10,1,1,0,
B11,1,1,0,
B12,1,1,0,
C01,1,0.5,0,
C02,1,0.5,0,
C03,1,0.5,0,
C04,1,0,0,
C05,1,0,0,
C06,1,0,0,
C07,0,2,0,
C08,0,2,0,
C09,0,2,0,
C10,0,1.5,0,
C11,0,1.5,0,
C12,0,1.5,0,
D01,0,1,0,
D02,0,1,0,
D03,0,1,0,
D04,0,0.5,0,
D05,0,0.5,0,
D06,0,0.5,0,
D07,0,0,0,
D08,0,0,0,
D09,0,0,0,
D10,1,1,0,Blank
D11,1,1,0,Blank
D12,1,1,0,Blank
E01,2,2,3,
E02,2,2,3,
E03,2,2,3,
E04,2,1.5,3,
E05,2,1.5,3,
E06,2,1.5,3,
E07,2,1,3,
E08,2,1,3,
E09,2,1,3,
E10,2,0.5,3,
E11,2,0.5,3,
E12,2,0.5,3,
F01,2,0,3,
F02,2,0,3,
F03,2,0,3,
F04,1,2,3,
F05,1,2,3,
F06,1,2,3,
F07,1,1.5,3,
F08,1,1.5,3,
F09,1,1.5,3,
F10,1,1,3,
F11,1,1,3,
F12,1,1,3,
G01,1,0.5,3,
G02,1,0.5,3,
G03,1,0.5,3,
G04,1,0,3,
G05,1,0,3,
G06,1,0,3,
G07,0,2,3,
G08,0,2,3,
G09,0,2,3,
G10,0,1.5,3,
G11,0,1.5,3,
G12,0,1.5,3,
H01,0,1,3,
H02,0,1,3,
H03,0,1,3,
H04,0,0.5,3,
H05,0,0.5,3,
H06,0,0.5,3,
H07,0,0,3,
H08,0,0,3,
H09,0,0,3,
H10,0,0,3,Blank
H11,0,0,3,Blank
H12,0,0,3,Blank